Passenger ID,Time,Floor,Direction (Up/Down),Destination Floor
1,8:00:00 AM,1,Up,5
2,8:00:00 AM,1,Up,5
3,8:00:00 AM,1,Up,4
4,8:00:00 AM,1,Up,3
5,8:00:00 AM,1,Up,3
6,8:00:00 AM,1,Up,2
7,8:00:00 AM,1,Up,6
8,8:00:00 AM,1,Up,5
9,8:00:00 AM,1,Up,4
10,8:00:00 AM,1,Up,2
11,8:00:00 AM,1,Up,6
12,8:00:00 AM,1,Up,3
13,8:00:00 AM,1,Up,2
14,8:00:00 AM,1,Up,6
15,8:00:00 AM,1,Up,5
16,8:00:00 AM,1,Up,5
17,8:00:00 AM,1,Up,2
18,8:00:00 AM,1,Up,3
19,8:00:00 AM,1,Up,2
20,8:00:00 AM,2,Down,1
21,8:00:00 AM,3,Down,2
22,8:00:00 AM,5,Down,3
23,8:00:00 AM,5,Down,4
24,8:00:00 AM,6,Down,4
25,8:00:00 AM,4,Up,6
26,8:00:00 AM,6,Down,1
27,8:00:00 AM,6,Down,5
28,8:00:30 AM,1,Up,2
29,8:00:30 AM,1,Up,4
30,8:00:30 AM,1,Up,5
31,8:00:30 AM,1,Up,4
32,8:00:30 AM,1,Up,6
33,8:00:30 AM,1,Up,6
34,8:00:30 AM,1,Up,6
35,8:00:30 AM,1,Up,4
36,8:00:30 AM,1,Up,4
37,8:00:30 AM,1,Up,4
38,8:00:30 AM,1,Up,5
39,8:00:30 AM,1,Up,3
40,8:00:30 AM,1,Up,6
41,8:00:30 AM,1,Up,2
42,8:00:30 AM,1,Up,3
43,8:00:30 AM,1,Up,4
44,8:00:30 AM,1,Up,3
45,8:00:30 AM,5,Up,6
46,8:00:30 AM,3,Down,1
47,8:00:30 AM,2,Down,1
48,8:00:30 AM,4,Down,3
49,8:00:30 AM,4,Down,2
50,8:01:00 AM,1,Up,3
51,8:01:00 AM,1,Up,3
52,8:01:00 AM,1,Up,4
53,8:01:00 AM,1,Up,4
54,8:01:00 AM,1,Up,2
55,8:01:00 AM,1,Up,2
56,8:01:00 AM,1,Up,4
57,8:01:00 AM,1,Up,4
58,8:01:00 AM,1,Up,3
59,8:01:00 AM,1,Up,4
60,8:01:00 AM,1,Up,3
61,8:01:00 AM,1,Up,4
62,8:01:00 AM,1,Up,3
63,8:01:00 AM,1,Up,2
64,8:01:00 AM,4,Down,1
65,8:01:00 AM,4,Up,6
66,8:01:00 AM,5,Down,4
67,8:01:00 AM,2,Down,1
68,8:01:00 AM,5,Down,3
69,8:01:00 AM,5,Up,6
70,8:01:00 AM,4,Down,3
71,8:01:00 AM,2,Up,4
72,8:01:00 AM,2,Down,1
73,8:01:30 AM,1,Up,2
74,8:01:30 AM,1,Up,2
75,8:01:30 AM,1,Up,4
76,8:01:30 AM,1,Up,3
77,8:01:30 AM,1,Up,4
78,8:01:30 AM,1,Up,5
79,8:01:30 AM,1,Up,3
80,8:01:30 AM,1,Up,4
81,8:01:30 AM,1,Up,2
82,8:01:30 AM,1,Up,6
83,8:01:30 AM,3,Down,1
84,8:01:30 AM,2,Down,1
85,8:01:30 AM,4,Down,2
86,8:01:30 AM,6,Down,3
87,8:01:30 AM,4,Down,2
88,8:01:30 AM,5,Up,6
89,8:02:00 AM,1,Up,3
90,8:02:00 AM,1,Up,6
91,8:02:00 AM,1,Up,6
92,8:02:00 AM,1,Up,3
93,8:02:00 AM,1,Up,4
94,8:02:00 AM,1,Up,2
95,8:02:00 AM,1,Up,2
96,8:02:00 AM,1,Up,3
97,8:02:00 AM,1,Up,2
98,8:02:00 AM,1,Up,4
99,8:02:00 AM,1,Up,3
100,8:02:00 AM,1,Up,2
101,8:02:00 AM,6,Down,2
102,8:02:00 AM,3,Down,2
103,8:02:00 AM,2,Down,1
104,8:02:00 AM,3,Up,5
105,8:02:30 AM,1,Up,3
106,8:02:30 AM,1,Up,2
107,8:02:30 AM,1,Up,4
108,8:02:30 AM,1,Up,2
109,8:02:30 AM,1,Up,3
110,8:02:30 AM,1,Up,5
111,8:02:30 AM,1,Up,4
112,8:02:30 AM,1,Up,2
113,8:02:30 AM,1,Up,4
114,8:02:30 AM,1,Up,3
115,8:02:30 AM,5,Down,1
116,8:02:30 AM,6,Down,5
117,8:02:30 AM,6,Down,1
118,8:02:30 AM,5,Up,6
119,8:02:30 AM,2,Up,3
120,8:02:30 AM,6,Down,4
121,8:02:30 AM,5,Down,2
122,8:03:00 AM,1,Up,4
123,8:03:00 AM,1,Up,6
124,8:03:00 AM,1,Up,2
125,8:03:00 AM,1,Up,3
126,8:03:00 AM,1,Up,2
127,8:03:00 AM,1,Up,2
128,8:03:00 AM,1,Up,3
129,8:03:00 AM,1,Up,6
130,8:03:00 AM,1,Up,4
131,8:03:00 AM,1,Up,6
132,8:03:00 AM,1,Up,4
133,8:03:00 AM,1,Up,5
134,8:03:00 AM,1,Up,2
135,8:03:00 AM,1,Up,6
136,8:03:00 AM,1,Up,3
137,8:03:00 AM,1,Up,3
138,8:03:00 AM,2,Down,1
139,8:03:00 AM,6,Down,1
140,8:03:00 AM,4,Down,1
141,8:03:00 AM,4,Up,6
142,8:03:00 AM,5,Down,2
143,8:03:00 AM,5,Up,6
144,8:03:00 AM,2,Down,1
145,8:03:00 AM,6,Down,1
146,8:03:30 AM,1,Up,5
147,8:03:30 AM,1,Up,2
148,8:03:30 AM,1,Up,4
149,8:03:30 AM,1,Up,4
150,8:03:30 AM,1,Up,5
151,8:03:30 AM,1,Up,3
152,8:03:30 AM,1,Up,6
153,8:03:30 AM,1,Up,2
154,8:03:30 AM,1,Up,2
155,8:03:30 AM,1,Up,6
156,8:03:30 AM,1,Up,2
157,8:03:30 AM,1,Up,6
158,8:03:30 AM,6,Down,1
159,8:03:30 AM,4,Down,2
160,8:03:30 AM,2,Down,1
161,8:03:30 AM,2,Up,3
162,8:03:30 AM,5,Up,6
163,8:04:00 AM,1,Up,4
164,8:04:00 AM,1,Up,3
165,8:04:00 AM,1,Up,3
166,8:04:00 AM,1,Up,2
167,8:04:00 AM,1,Up,3
168,8:04:00 AM,1,Up,5
169,8:04:00 AM,1,Up,5
170,8:04:00 AM,1,Up,6
171,8:04:00 AM,1,Up,6
172,8:04:00 AM,1,Up,4
173,8:04:00 AM,2,Up,4
174,8:04:00 AM,4,Down,3
175,8:04:00 AM,4,Up,5
176,8:04:00 AM,2,Down,1
177,8:04:00 AM,3,Down,1
178,8:04:30 AM,1,Up,5
179,8:04:30 AM,1,Up,6
180,8:04:30 AM,1,Up,6
181,8:04:30 AM,1,Up,3
182,8:04:30 AM,1,Up,2
183,8:04:30 AM,1,Up,6
184,8:04:30 AM,1,Up,5
185,8:04:30 AM,1,Up,3
186,8:04:30 AM,1,Up,4
187,8:04:30 AM,1,Up,6
188,8:04:30 AM,1,Up,5
189,8:04:30 AM,4,Up,5
190,8:04:30 AM,4,Down,3
191,8:04:30 AM,4,Down,2
192,8:04:30 AM,5,Up,6
193,8:04:30 AM,4,Up,6
194,8:04:30 AM,5,Down,1
195,8:05:00 AM,1,Up,2
196,8:05:00 AM,1,Up,3
197,8:05:00 AM,1,Up,6
198,8:05:00 AM,1,Up,2
199,8:05:00 AM,1,Up,2
200,8:05:00 AM,1,Up,3
201,8:05:00 AM,1,Up,4
202,8:05:00 AM,1,Up,4
203,8:05:00 AM,1,Up,4
204,8:05:00 AM,1,Up,5
205,8:05:00 AM,1,Up,5
206,8:05:00 AM,1,Up,5
207,8:05:00 AM,1,Up,5
208,8:05:00 AM,1,Up,3
209,8:05:00 AM,1,Up,5
210,8:05:00 AM,1,Up,3
211,8:05:00 AM,1,Up,3
212,8:05:00 AM,1,Up,2
213,8:05:00 AM,1,Up,6
214,8:05:00 AM,5,Down,1
215,8:05:00 AM,5,Down,2
216,8:05:00 AM,3,Down,2
217,8:05:00 AM,2,Up,6
218,8:05:00 AM,4,Up,5
219,8:05:30 AM,1,Up,6
220,8:05:30 AM,1,Up,2
221,8:05:30 AM,1,Up,3
222,8:05:30 AM,1,Up,3
223,8:05:30 AM,1,Up,3
224,8:05:30 AM,1,Up,2
225,8:05:30 AM,1,Up,4
226,8:05:30 AM,1,Up,5
227,8:05:30 AM,1,Up,5
228,8:05:30 AM,1,Up,2
229,8:05:30 AM,1,Up,4
230,8:05:30 AM,1,Up,3
231,8:05:30 AM,1,Up,5
232,8:05:30 AM,1,Up,2
233,8:05:30 AM,1,Up,2
234,8:05:30 AM,1,Up,2
235,8:05:30 AM,4,Down,3
236,8:05:30 AM,5,Up,6
237,8:05:30 AM,2,Down,1
238,8:05:30 AM,2,Down,1
239,8:06:00 AM,1,Up,4
240,8:06:00 AM,1,Up,3
241,8:06:00 AM,1,Up,4
242,8:06:00 AM,1,Up,6
243,8:06:00 AM,1,Up,4
244,8:06:00 AM,1,Up,2
245,8:06:00 AM,1,Up,5
246,8:06:00 AM,1,Up,2
247,8:06:00 AM,1,Up,3
248,8:06:00 AM,1,Up,2
249,8:06:00 AM,1,Up,4
250,8:06:00 AM,6,Down,3
251,8:06:00 AM,4,Up,6
252,8:06:00 AM,6,Down,2
253,8:06:00 AM,6,Down,2
254,8:06:00 AM,5,Up,6
255,8:06:00 AM,3,Down,1
256,8:06:00 AM,2,Down,1
257,8:06:30 AM,1,Up,3
258,8:06:30 AM,1,Up,6
259,8:06:30 AM,1,Up,4
260,8:06:30 AM,1,Up,6
261,8:06:30 AM,1,Up,6
262,8:06:30 AM,1,Up,5
263,8:06:30 AM,1,Up,4
264,8:06:30 AM,1,Up,2
265,8:06:30 AM,1,Up,5
266,8:06:30 AM,1,Up,4
267,8:06:30 AM,1,Up,4
268,8:06:30 AM,1,Up,4
269,8:06:30 AM,1,Up,6
270,8:06:30 AM,1,Up,2
271,8:06:30 AM,1,Up,2
272,8:06:30 AM,1,Up,3
273,8:06:30 AM,2,Down,1
274,8:06:30 AM,2,Up,5
275,8:06:30 AM,3,Down,2
276,8:06:30 AM,3,Up,6
277,8:06:30 AM,5,Down,3
278,8:06:30 AM,2,Down,1
279,8:06:30 AM,2,Down,1
280,8:06:30 AM,5,Down,3
281,8:07:00 AM,1,Up,3
282,8:07:00 AM,1,Up,3
283,8:07:00 AM,1,Up,2
284,8:07:00 AM,1,Up,3
285,8:07:00 AM,1,Up,2
286,8:07:00 AM,1,Up,5
287,8:07:00 AM,1,Up,6
288,8:07:00 AM,1,Up,6
289,8:07:00 AM,6,Down,3
290,8:07:00 AM,4,Up,6
291,8:07:00 AM,5,Down,1
292,8:07:00 AM,4,Up,6
293,8:07:00 AM,3,Down,2
294,8:07:30 AM,1,Up,2
295,8:07:30 AM,1,Up,5
296,8:07:30 AM,1,Up,3
297,8:07:30 AM,1,Up,4
298,8:07:30 AM,1,Up,4
299,8:07:30 AM,1,Up,3
300,8:07:30 AM,1,Up,5
301,8:07:30 AM,1,Up,3
302,8:07:30 AM,1,Up,3
303,8:07:30 AM,1,Up,3
304,8:07:30 AM,1,Up,2
305,8:07:30 AM,1,Up,2
306,8:07:30 AM,1,Up,3
307,8:07:30 AM,1,Up,5
308,8:07:30 AM,4,Down,1
309,8:07:30 AM,5,Up,6
310,8:07:30 AM,2,Down,1
311,8:07:30 AM,3,Down,1
312,8:07:30 AM,6,Down,1
313,8:08:00 AM,1,Up,4
314,8:08:00 AM,1,Up,2
315,8:08:00 AM,1,Up,5
316,8:08:00 AM,1,Up,2
317,8:08:00 AM,1,Up,4
318,8:08:00 AM,1,Up,3
319,8:08:00 AM,1,Up,2
320,8:08:00 AM,1,Up,3
321,8:08:00 AM,4,Down,3
322,8:08:00 AM,4,Down,1
323,8:08:00 AM,2,Down,1
324,8:08:00 AM,2,Down,1
325,8:08:00 AM,2,Down,1
326,8:08:30 AM,1,Up,4
327,8:08:30 AM,1,Up,4
328,8:08:30 AM,1,Up,3
329,8:08:30 AM,1,Up,2
330,8:08:30 AM,1,Up,3
331,8:08:30 AM,1,Up,3
332,8:08:30 AM,1,Up,3
333,8:08:30 AM,1,Up,5
334,8:08:30 AM,1,Up,4
335,8:08:30 AM,1,Up,3
336,8:08:30 AM,1,Up,4
337,8:08:30 AM,1,Up,2
338,8:08:30 AM,1,Up,2
339,8:08:30 AM,1,Up,2
340,8:08:30 AM,1,Up,5
341,8:08:30 AM,1,Up,2
342,8:08:30 AM,2,Down,1
343,8:08:30 AM,5,Up,6
344,8:08:30 AM,3,Down,1
345,8:08:30 AM,3,Up,6
346,8:09:00 AM,1,Up,3
347,8:09:00 AM,1,Up,4
348,8:09:00 AM,1,Up,2
349,8:09:00 AM,1,Up,2
350,8:09:00 AM,1,Up,3
351,8:09:00 AM,1,Up,2
352,8:09:00 AM,1,Up,2
353,8:09:00 AM,1,Up,6
354,8:09:00 AM,1,Up,6
355,8:09:00 AM,1,Up,2
356,8:09:00 AM,1,Up,5
357,8:09:00 AM,1,Up,2
358,8:09:00 AM,5,Down,1
359,8:09:00 AM,6,Down,4
360,8:09:00 AM,3,Up,5
361,8:09:00 AM,4,Up,5
362,8:09:00 AM,6,Down,3
363,8:09:00 AM,2,Down,1
364,8:09:30 AM,1,Up,2
365,8:09:30 AM,1,Up,3
366,8:09:30 AM,1,Up,2
367,8:09:30 AM,1,Up,3
368,8:09:30 AM,1,Up,6
369,8:09:30 AM,1,Up,6
370,8:09:30 AM,1,Up,6
371,8:09:30 AM,1,Up,2
372,8:09:30 AM,5,Down,4
373,8:09:30 AM,6,Down,4
374,8:09:30 AM,6,Down,1
375,8:09:30 AM,5,Up,6
376,8:09:30 AM,4,Up,6
377,8:09:30 AM,4,Down,2
378,8:10:00 AM,1,Up,2
379,8:10:00 AM,1,Up,3
380,8:10:00 AM,1,Up,5
381,8:10:00 AM,1,Up,4
382,8:10:00 AM,1,Up,6
383,8:10:00 AM,1,Up,3
384,8:10:00 AM,1,Up,6
385,8:10:00 AM,1,Up,6
386,8:10:00 AM,5,Up,6
387,8:10:00 AM,3,Up,4
388,8:10:00 AM,5,Down,4
389,8:10:00 AM,4,Down,2
390,8:10:00 AM,3,Down,2
391,8:10:30 AM,1,Up,3
392,8:10:30 AM,1,Up,4
393,8:10:30 AM,1,Up,2
394,8:10:30 AM,1,Up,3
395,8:10:30 AM,1,Up,3
396,8:10:30 AM,1,Up,5
397,8:10:30 AM,1,Up,4
398,8:10:30 AM,1,Up,4
399,8:10:30 AM,1,Up,3
400,8:10:30 AM,1,Up,4
401,8:10:30 AM,1,Up,3
402,8:10:30 AM,1,Up,4
403,8:10:30 AM,1,Up,5
404,8:10:30 AM,1,Up,4
405,8:10:30 AM,1,Up,5
406,8:10:30 AM,1,Up,5
407,8:10:30 AM,1,Up,3
408,8:10:30 AM,1,Up,6
409,8:10:30 AM,6,Down,1
410,8:10:30 AM,4,Down,3
411,8:10:30 AM,4,Up,5
412,8:10:30 AM,6,Down,1
413,8:10:30 AM,3,Down,2
414,8:11:00 AM,1,Up,3
415,8:11:00 AM,1,Up,2
416,8:11:00 AM,1,Up,4
417,8:11:00 AM,1,Up,2
418,8:11:00 AM,1,Up,5
419,8:11:00 AM,1,Up,4
420,8:11:00 AM,1,Up,5
421,8:11:00 AM,1,Up,5
422,8:11:00 AM,1,Up,4
423,8:11:00 AM,1,Up,5
424,8:11:00 AM,1,Up,3
425,8:11:00 AM,1,Up,5
426,8:11:00 AM,1,Up,6
427,8:11:00 AM,1,Up,4
428,8:11:00 AM,1,Up,3
429,8:11:00 AM,1,Up,6
430,8:11:00 AM,5,Up,6
431,8:11:00 AM,5,Up,6
432,8:11:00 AM,5,Up,6
433,8:11:00 AM,4,Down,2
434,8:11:00 AM,2,Down,1
435,8:11:00 AM,6,Down,5
436,8:11:30 AM,1,Up,2
437,8:11:30 AM,1,Up,4
438,8:11:30 AM,1,Up,2
439,8:11:30 AM,1,Up,2
440,8:11:30 AM,1,Up,6
441,8:11:30 AM,1,Up,2
442,8:11:30 AM,1,Up,6
443,8:11:30 AM,1,Up,6
444,8:11:30 AM,1,Up,4
445,8:11:30 AM,1,Up,5
446,8:11:30 AM,1,Up,5
447,8:11:30 AM,1,Up,4
448,8:11:30 AM,1,Up,6
449,8:11:30 AM,1,Up,6
450,8:11:30 AM,2,Up,5
451,8:11:30 AM,2,Down,1
452,8:11:30 AM,2,Up,4
453,8:11:30 AM,2,Up,6
454,8:11:30 AM,4,Down,3
455,8:12:00 AM,1,Up,6
456,8:12:00 AM,1,Up,2
457,8:12:00 AM,1,Up,4
458,8:12:00 AM,1,Up,3
459,8:12:00 AM,1,Up,3
460,8:12:00 AM,1,Up,4
461,8:12:00 AM,1,Up,5
462,8:12:00 AM,1,Up,2
463,8:12:00 AM,1,Up,3
464,8:12:00 AM,1,Up,4
465,8:12:00 AM,5,Down,3
466,8:12:00 AM,2,Down,1
467,8:12:00 AM,4,Up,5
468,8:12:00 AM,3,Up,6
469,8:12:00 AM,6,Down,5
470,8:12:00 AM,5,Down,2
471,8:12:30 AM,1,Up,4
472,8:12:30 AM,1,Up,2
473,8:12:30 AM,1,Up,2
474,8:12:30 AM,1,Up,5
475,8:12:30 AM,1,Up,4
476,8:12:30 AM,1,Up,6
477,8:12:30 AM,1,Up,5
478,8:12:30 AM,1,Up,6
479,8:12:30 AM,1,Up,6
480,8:12:30 AM,1,Up,2
481,8:12:30 AM,1,Up,6
482,8:12:30 AM,1,Up,5
483,8:12:30 AM,1,Up,4
484,8:12:30 AM,1,Up,4
485,8:12:30 AM,1,Up,5
486,8:12:30 AM,1,Up,4
487,8:12:30 AM,2,Down,1
488,8:12:30 AM,5,Up,6
489,8:12:30 AM,6,Down,3
490,8:12:30 AM,3,Down,2
491,8:12:30 AM,3,Up,4
492,8:13:00 AM,1,Up,3
493,8:13:00 AM,1,Up,4
494,8:13:00 AM,1,Up,6
495,8:13:00 AM,1,Up,6
496,8:13:00 AM,1,Up,3
497,8:13:00 AM,1,Up,4
498,8:13:00 AM,1,Up,2
499,8:13:00 AM,1,Up,2
500,8:13:00 AM,1,Up,5
501,8:13:00 AM,1,Up,2
502,8:13:00 AM,1,Up,4
503,8:13:00 AM,1,Up,3
504,8:13:00 AM,2,Down,1
505,8:13:00 AM,2,Up,6
506,8:13:00 AM,2,Up,5
507,8:13:00 AM,3,Down,1
508,8:13:00 AM,4,Up,5
509,8:13:30 AM,1,Up,2
510,8:13:30 AM,1,Up,3
511,8:13:30 AM,1,Up,3
512,8:13:30 AM,1,Up,2
513,8:13:30 AM,1,Up,2
514,8:13:30 AM,1,Up,2
515,8:13:30 AM,1,Up,2
516,8:13:30 AM,1,Up,6
517,8:13:30 AM,1,Up,3
518,8:13:30 AM,1,Up,3
519,8:13:30 AM,1,Up,3
520,8:13:30 AM,5,Up,6
521,8:13:30 AM,5,Down,4
522,8:13:30 AM,5,Down,1
523,8:13:30 AM,5,Down,2
524,8:13:30 AM,2,Down,1
525,8:13:30 AM,6,Down,3
526,8:13:30 AM,4,Down,1
527,8:14:00 AM,1,Up,4
528,8:14:00 AM,1,Up,4
529,8:14:00 AM,1,Up,4
530,8:14:00 AM,1,Up,5
531,8:14:00 AM,1,Up,3
532,8:14:00 AM,1,Up,5
533,8:14:00 AM,1,Up,2
534,8:14:00 AM,1,Up,3
535,8:14:00 AM,1,Up,5
536,8:14:00 AM,1,Up,3
537,8:14:00 AM,1,Up,5
538,8:14:00 AM,2,Up,4
539,8:14:00 AM,5,Up,6
540,8:14:00 AM,3,Down,1
541,8:14:00 AM,4,Down,3
542,8:14:00 AM,4,Up,5
543,8:14:00 AM,2,Up,5
544,8:14:30 AM,1,Up,3
545,8:14:30 AM,1,Up,4
546,8:14:30 AM,1,Up,6
547,8:14:30 AM,1,Up,2
548,8:14:30 AM,1,Up,5
549,8:14:30 AM,1,Up,5
550,8:14:30 AM,1,Up,3
551,8:14:30 AM,1,Up,3
552,8:14:30 AM,1,Up,2
553,8:14:30 AM,1,Up,6
554,8:14:30 AM,1,Up,5
555,8:14:30 AM,1,Up,5
556,8:14:30 AM,1,Up,5
557,8:14:30 AM,1,Up,5
558,8:14:30 AM,1,Up,4
559,8:14:30 AM,1,Up,5
560,8:14:30 AM,1,Up,6
561,8:14:30 AM,1,Up,6
562,8:14:30 AM,2,Up,4
563,8:14:30 AM,3,Up,4
564,8:14:30 AM,5,Down,2
565,8:14:30 AM,5,Up,6
566,8:14:30 AM,5,Up,6
567,8:15:00 AM,1,Up,6
568,8:15:00 AM,1,Up,2
569,8:15:00 AM,1,Up,3
570,8:15:00 AM,1,Up,3
571,8:15:00 AM,1,Up,3
572,8:15:00 AM,1,Up,4
573,8:15:00 AM,1,Up,5
574,8:15:00 AM,1,Up,4
575,8:15:00 AM,1,Up,5
576,8:15:00 AM,1,Up,4
577,8:15:00 AM,1,Up,5
578,8:15:00 AM,1,Up,5
579,8:15:00 AM,1,Up,6
580,8:15:00 AM,1,Up,5
581,8:15:00 AM,1,Up,6
582,8:15:00 AM,1,Up,4
583,8:15:00 AM,1,Up,4
584,8:15:00 AM,1,Up,2
585,8:15:00 AM,1,Up,6
586,8:15:00 AM,2,Down,1
587,8:15:00 AM,3,Down,1
588,8:15:00 AM,4,Up,5
589,8:15:00 AM,3,Up,6
590,8:15:00 AM,4,Up,5
591,8:15:00 AM,5,Up,6
592,8:15:00 AM,3,Down,2
593,8:15:00 AM,4,Up,6
594,8:15:30 AM,1,Up,4
595,8:15:30 AM,1,Up,2
596,8:15:30 AM,1,Up,3
597,8:15:30 AM,1,Up,4
598,8:15:30 AM,1,Up,4
599,8:15:30 AM,1,Up,6
600,8:15:30 AM,1,Up,4
601,8:15:30 AM,1,Up,4
602,8:15:30 AM,1,Up,5
603,8:15:30 AM,1,Up,2
604,8:15:30 AM,3,Up,6
605,8:15:30 AM,5,Down,1
606,8:15:30 AM,6,Down,2
607,8:15:30 AM,2,Down,1
608,8:15:30 AM,4,Down,2
609,8:15:30 AM,3,Up,5
610,8:15:30 AM,3,Down,1
611,8:15:30 AM,4,Down,3
612,8:15:30 AM,3,Up,6
613,8:16:00 AM,1,Up,3
614,8:16:00 AM,1,Up,5
615,8:16:00 AM,1,Up,6
616,8:16:00 AM,1,Up,4
617,8:16:00 AM,1,Up,3
618,8:16:00 AM,1,Up,4
619,8:16:00 AM,1,Up,2
620,8:16:00 AM,1,Up,5
621,8:16:00 AM,1,Up,4
622,8:16:00 AM,1,Up,3
623,8:16:00 AM,1,Up,4
624,8:16:00 AM,1,Up,2
625,8:16:00 AM,4,Down,3
626,8:16:00 AM,3,Down,2
627,8:16:00 AM,5,Up,6
628,8:16:00 AM,5,Down,4
629,8:16:00 AM,2,Up,3
630,8:16:00 AM,6,Down,2
631,8:16:00 AM,4,Down,2
632,8:16:00 AM,5,Down,2
633,8:16:30 AM,1,Up,3
634,8:16:30 AM,1,Up,4
635,8:16:30 AM,1,Up,3
636,8:16:30 AM,1,Up,4
637,8:16:30 AM,1,Up,5
638,8:16:30 AM,1,Up,2
639,8:16:30 AM,1,Up,4
640,8:16:30 AM,1,Up,3
641,8:16:30 AM,1,Up,3
642,8:16:30 AM,1,Up,4
643,8:16:30 AM,1,Up,4
644,8:16:30 AM,1,Up,2
645,8:16:30 AM,1,Up,5
646,8:16:30 AM,5,Up,6
647,8:16:30 AM,2,Up,4
648,8:16:30 AM,6,Down,1
649,8:16:30 AM,3,Down,1
650,8:16:30 AM,2,Down,1
651,8:16:30 AM,5,Up,6
652,8:16:30 AM,5,Up,6
653,8:16:30 AM,2,Up,3
654,8:17:00 AM,1,Up,5
655,8:17:00 AM,1,Up,3
656,8:17:00 AM,1,Up,3
657,8:17:00 AM,1,Up,2
658,8:17:00 AM,1,Up,3
659,8:17:00 AM,1,Up,6
660,8:17:00 AM,1,Up,5
661,8:17:00 AM,1,Up,4
662,8:17:00 AM,1,Up,2
663,8:17:00 AM,1,Up,6
664,8:17:00 AM,4,Down,2
665,8:17:00 AM,2,Down,1
666,8:17:00 AM,4,Down,3
667,8:17:00 AM,3,Up,5
668,8:17:00 AM,2,Up,4
669,8:17:00 AM,5,Up,6
670,8:17:30 AM,1,Up,2
671,8:17:30 AM,1,Up,5
672,8:17:30 AM,1,Up,3
673,8:17:30 AM,1,Up,2
674,8:17:30 AM,1,Up,3
675,8:17:30 AM,1,Up,5
676,8:17:30 AM,1,Up,2
677,8:17:30 AM,1,Up,4
678,8:17:30 AM,1,Up,6
679,8:17:30 AM,1,Up,6
680,8:17:30 AM,1,Up,3
681,8:17:30 AM,1,Up,3
682,8:17:30 AM,1,Up,4
683,8:17:30 AM,1,Up,2
684,8:17:30 AM,1,Up,2
685,8:17:30 AM,1,Up,4
686,8:17:30 AM,4,Down,3
687,8:17:30 AM,4,Down,1
688,8:17:30 AM,5,Up,6
689,8:17:30 AM,5,Down,4
690,8:17:30 AM,2,Up,4
691,8:17:30 AM,6,Down,4
692,8:18:00 AM,1,Up,3
693,8:18:00 AM,1,Up,5
694,8:18:00 AM,1,Up,5
695,8:18:00 AM,1,Up,2
696,8:18:00 AM,1,Up,5
697,8:18:00 AM,1,Up,5
698,8:18:00 AM,1,Up,2
699,8:18:00 AM,1,Up,5
700,8:18:00 AM,1,Up,2
701,8:18:00 AM,1,Up,4
702,8:18:00 AM,1,Up,4
703,8:18:00 AM,1,Up,3
704,8:18:00 AM,1,Up,3
705,8:18:00 AM,1,Up,4
706,8:18:00 AM,1,Up,5
707,8:18:00 AM,1,Up,2
708,8:18:00 AM,1,Up,6
709,8:18:00 AM,4,Up,6
710,8:18:00 AM,5,Down,1
711,8:18:00 AM,2,Down,1
712,8:18:00 AM,5,Up,6
713,8:18:00 AM,3,Down,2
714,8:18:00 AM,3,Down,2
715,8:18:00 AM,5,Up,6
716,8:18:30 AM,1,Up,6
717,8:18:30 AM,1,Up,5
718,8:18:30 AM,1,Up,6
719,8:18:30 AM,1,Up,5
720,8:18:30 AM,1,Up,4
721,8:18:30 AM,1,Up,6
722,8:18:30 AM,1,Up,4
723,8:18:30 AM,1,Up,3
724,8:18:30 AM,1,Up,4
725,8:18:30 AM,1,Up,6
726,8:18:30 AM,1,Up,6
727,8:18:30 AM,4,Up,5
728,8:18:30 AM,3,Down,1
729,8:18:30 AM,4,Up,5
730,8:19:00 AM,1,Up,4
731,8:19:00 AM,1,Up,4
732,8:19:00 AM,1,Up,4
733,8:19:00 AM,1,Up,6
734,8:19:00 AM,1,Up,4
735,8:19:00 AM,1,Up,4
736,8:19:00 AM,1,Up,2
737,8:19:00 AM,1,Up,2
738,8:19:00 AM,1,Up,4
739,8:19:00 AM,1,Up,2
740,8:19:00 AM,1,Up,4
741,8:19:00 AM,1,Up,2
742,8:19:00 AM,1,Up,3
743,8:19:00 AM,5,Down,4
744,8:19:00 AM,5,Up,6
745,8:19:00 AM,2,Up,5
746,8:19:00 AM,4,Down,2
747,8:19:00 AM,3,Down,1
748,8:19:00 AM,2,Up,4
749,8:19:00 AM,3,Down,2
750,8:19:00 AM,4,Up,6
751,8:19:30 AM,1,Up,6
752,8:19:30 AM,1,Up,6
753,8:19:30 AM,1,Up,6
754,8:19:30 AM,1,Up,5
755,8:19:30 AM,1,Up,2
756,8:19:30 AM,1,Up,5
757,8:19:30 AM,1,Up,4
758,8:19:30 AM,1,Up,2
759,8:19:30 AM,1,Up,3
760,8:19:30 AM,1,Up,3
761,8:19:30 AM,1,Up,5
762,8:19:30 AM,1,Up,3
763,8:19:30 AM,1,Up,2
764,8:19:30 AM,1,Up,5
765,8:19:30 AM,1,Up,5
766,8:19:30 AM,1,Up,2
767,8:19:30 AM,1,Up,5
768,8:19:30 AM,1,Up,5
769,8:19:30 AM,1,Up,4
770,8:19:30 AM,5,Up,6
771,8:19:30 AM,2,Down,1
772,8:19:30 AM,4,Up,6
773,8:19:30 AM,3,Up,5
774,8:19:30 AM,3,Down,2
775,8:20:00 AM,1,Up,5
776,8:20:00 AM,1,Up,6
777,8:20:00 AM,1,Up,4
778,8:20:00 AM,1,Up,3
779,8:20:00 AM,1,Up,4
780,8:20:00 AM,1,Up,2
781,8:20:00 AM,1,Up,6
782,8:20:00 AM,1,Up,6
783,8:20:00 AM,1,Up,5
784,8:20:00 AM,1,Up,4
785,8:20:00 AM,1,Up,2
786,8:20:00 AM,1,Up,2
787,8:20:00 AM,1,Up,3
788,8:20:00 AM,1,Up,3
789,8:20:00 AM,1,Up,5
790,8:20:00 AM,1,Up,5
791,8:20:00 AM,1,Up,2
792,8:20:00 AM,1,Up,5
793,8:20:00 AM,1,Up,4
794,8:20:00 AM,6,Down,5
795,8:20:00 AM,3,Up,4
796,8:20:00 AM,3,Down,2
797,8:20:00 AM,2,Up,4
798,8:20:00 AM,4,Up,5
799,8:20:00 AM,4,Down,3
800,8:20:00 AM,5,Down,1
801,8:20:00 AM,4,Down,1
802,8:20:00 AM,2,Up,3
803,8:20:30 AM,1,Up,4
804,8:20:30 AM,1,Up,3
805,8:20:30 AM,1,Up,6
806,8:20:30 AM,1,Up,3
807,8:20:30 AM,1,Up,3
808,8:20:30 AM,1,Up,6
809,8:20:30 AM,1,Up,6
810,8:20:30 AM,1,Up,2
811,8:20:30 AM,1,Up,6
812,8:20:30 AM,4,Down,2
813,8:20:30 AM,5,Down,1
814,8:20:30 AM,2,Up,4
815,8:20:30 AM,4,Up,6
816,8:20:30 AM,5,Down,1
817,8:20:30 AM,3,Down,2
818,8:21:00 AM,1,Up,4
819,8:21:00 AM,1,Up,2
820,8:21:00 AM,1,Up,4
821,8:21:00 AM,1,Up,3
822,8:21:00 AM,1,Up,2
823,8:21:00 AM,1,Up,5
824,8:21:00 AM,1,Up,6
825,8:21:00 AM,1,Up,2
826,8:21:00 AM,1,Up,5
827,8:21:00 AM,1,Up,2
828,8:21:00 AM,1,Up,6
829,8:21:00 AM,1,Up,4
830,8:21:00 AM,1,Up,6
831,8:21:00 AM,1,Up,3
832,8:21:00 AM,4,Down,2
833,8:21:00 AM,5,Up,6
834,8:21:00 AM,6,Down,3
835,8:21:00 AM,4,Up,6
836,8:21:00 AM,3,Down,1
837,8:21:30 AM,1,Up,5
838,8:21:30 AM,1,Up,3
839,8:21:30 AM,1,Up,4
840,8:21:30 AM,1,Up,5
841,8:21:30 AM,1,Up,4
842,8:21:30 AM,1,Up,4
843,8:21:30 AM,1,Up,3
844,8:21:30 AM,1,Up,2
845,8:21:30 AM,3,Down,1
846,8:21:30 AM,5,Up,6
847,8:21:30 AM,6,Down,4
848,8:21:30 AM,5,Up,6
849,8:21:30 AM,3,Up,6
850,8:21:30 AM,5,Down,4
851,8:21:30 AM,2,Down,1
852,8:21:30 AM,4,Up,6
853,8:22:00 AM,1,Up,5
854,8:22:00 AM,1,Up,2
855,8:22:00 AM,1,Up,3
856,8:22:00 AM,1,Up,2
857,8:22:00 AM,1,Up,2
858,8:22:00 AM,1,Up,4
859,8:22:00 AM,1,Up,2
860,8:22:00 AM,1,Up,2
861,8:22:00 AM,1,Up,5
862,8:22:00 AM,1,Up,5
863,8:22:00 AM,1,Up,4
864,8:22:00 AM,1,Up,2
865,8:22:00 AM,1,Up,5
866,8:22:00 AM,1,Up,5
867,8:22:00 AM,1,Up,4
868,8:22:00 AM,5,Up,6
869,8:22:00 AM,6,Down,4
870,8:22:00 AM,4,Down,1
871,8:22:00 AM,4,Up,6
872,8:22:00 AM,2,Down,1
873,8:22:30 AM,1,Up,4
874,8:22:30 AM,1,Up,4
875,8:22:30 AM,1,Up,6
876,8:22:30 AM,1,Up,4
877,8:22:30 AM,1,Up,3
878,8:22:30 AM,1,Up,4
879,8:22:30 AM,1,Up,3
880,8:22:30 AM,1,Up,5
881,8:22:30 AM,1,Up,3
882,8:22:30 AM,1,Up,6
883,8:22:30 AM,1,Up,3
884,8:22:30 AM,1,Up,6
885,8:22:30 AM,1,Up,4
886,8:22:30 AM,1,Up,3
887,8:22:30 AM,1,Up,5
888,8:22:30 AM,1,Up,3
889,8:22:30 AM,1,Up,4
890,8:22:30 AM,1,Up,5
891,8:22:30 AM,4,Up,5
892,8:22:30 AM,4,Up,5
893,8:22:30 AM,4,Down,3
894,8:22:30 AM,3,Up,5
895,8:22:30 AM,3,Down,1
896,8:23:00 AM,1,Up,3
897,8:23:00 AM,1,Up,2
898,8:23:00 AM,1,Up,5
899,8:23:00 AM,1,Up,6
900,8:23:00 AM,1,Up,6
901,8:23:00 AM,1,Up,2
902,8:23:00 AM,1,Up,4
903,8:23:00 AM,1,Up,4
904,8:23:00 AM,5,Down,2
905,8:23:00 AM,3,Down,2
906,8:23:00 AM,3,Down,2
907,8:23:00 AM,4,Up,6
908,8:23:00 AM,4,Up,5
909,8:23:30 AM,1,Up,2
910,8:23:30 AM,1,Up,4
911,8:23:30 AM,1,Up,4
912,8:23:30 AM,1,Up,2
913,8:23:30 AM,1,Up,4
914,8:23:30 AM,1,Up,4
915,8:23:30 AM,1,Up,3
916,8:23:30 AM,1,Up,4
917,8:23:30 AM,1,Up,2
918,8:23:30 AM,1,Up,5
919,8:23:30 AM,2,Down,1
920,8:23:30 AM,6,Down,1
921,8:23:30 AM,5,Down,2
922,8:23:30 AM,2,Down,1
923,8:23:30 AM,2,Up,5
924,8:23:30 AM,4,Down,3
925,8:23:30 AM,5,Down,1
926,8:24:00 AM,1,Up,5
927,8:24:00 AM,1,Up,5
928,8:24:00 AM,1,Up,6
929,8:24:00 AM,1,Up,5
930,8:24:00 AM,1,Up,6
931,8:24:00 AM,1,Up,5
932,8:24:00 AM,1,Up,3
933,8:24:00 AM,1,Up,5
934,8:24:00 AM,1,Up,3
935,8:24:00 AM,1,Up,2
936,8:24:00 AM,1,Up,6
937,8:24:00 AM,1,Up,6
938,8:24:00 AM,1,Up,5
939,8:24:00 AM,1,Up,2
940,8:24:00 AM,1,Up,2
941,8:24:00 AM,5,Down,2
942,8:24:00 AM,4,Up,5
943,8:24:00 AM,4,Up,6
944,8:24:00 AM,2,Up,4
945,8:24:00 AM,2,Up,3
946,8:24:00 AM,5,Up,6
947,8:24:00 AM,2,Down,1
948,8:24:00 AM,5,Down,3
949,8:24:00 AM,5,Up,6
950,8:24:30 AM,1,Up,4
951,8:24:30 AM,1,Up,4
952,8:24:30 AM,1,Up,5
953,8:24:30 AM,1,Up,4
954,8:24:30 AM,1,Up,2
955,8:24:30 AM,1,Up,6
956,8:24:30 AM,1,Up,6
957,8:24:30 AM,1,Up,2
958,8:24:30 AM,2,Up,6
959,8:24:30 AM,4,Up,5
960,8:24:30 AM,5,Up,6
961,8:24:30 AM,3,Up,6
962,8:24:30 AM,2,Down,1
963,8:24:30 AM,3,Down,2
964,8:24:30 AM,2,Down,1
965,8:25:00 AM,1,Up,3
966,8:25:00 AM,1,Up,6
967,8:25:00 AM,1,Up,2
968,8:25:00 AM,1,Up,2
969,8:25:00 AM,1,Up,2
970,8:25:00 AM,1,Up,2
971,8:25:00 AM,1,Up,5
972,8:25:00 AM,1,Up,4
973,8:25:00 AM,1,Up,5
974,8:25:00 AM,1,Up,4
975,8:25:00 AM,1,Up,2
976,8:25:00 AM,1,Up,5
977,8:25:00 AM,1,Up,3
978,8:25:00 AM,2,Up,6
979,8:25:00 AM,2,Up,3
980,8:25:00 AM,2,Up,3
981,8:25:00 AM,5,Up,6
982,8:25:00 AM,3,Up,6
983,8:25:30 AM,1,Up,5
984,8:25:30 AM,1,Up,2
985,8:25:30 AM,1,Up,6
986,8:25:30 AM,1,Up,6
987,8:25:30 AM,1,Up,6
988,8:25:30 AM,1,Up,2
989,8:25:30 AM,1,Up,4
990,8:25:30 AM,1,Up,4
991,8:25:30 AM,1,Up,5
992,8:25:30 AM,1,Up,5
993,8:25:30 AM,1,Up,6
994,8:25:30 AM,4,Down,1
995,8:25:30 AM,2,Down,1
996,8:25:30 AM,2,Down,1
997,8:25:30 AM,2,Down,1
998,8:25:30 AM,4,Down,1
999,8:25:30 AM,5,Up,6
1000,8:25:30 AM,4,Up,6
1001,8:25:30 AM,4,Down,3
1002,8:26:00 AM,1,Up,3
1003,8:26:00 AM,1,Up,4
1004,8:26:00 AM,1,Up,6
1005,8:26:00 AM,1,Up,6
1006,8:26:00 AM,1,Up,6
1007,8:26:00 AM,1,Up,4
1008,8:26:00 AM,1,Up,5
1009,8:26:00 AM,1,Up,5
1010,8:26:00 AM,1,Up,5
1011,8:26:00 AM,4,Down,2
1012,8:26:00 AM,6,Down,1
1013,8:26:00 AM,2,Down,1
1014,8:26:00 AM,4,Down,2
1015,8:26:00 AM,3,Up,6
1016,8:26:00 AM,5,Down,1
1017,8:26:00 AM,3,Down,2
1018,8:26:30 AM,1,Up,5
1019,8:26:30 AM,1,Up,6
1020,8:26:30 AM,1,Up,5
1021,8:26:30 AM,1,Up,6
1022,8:26:30 AM,1,Up,3
1023,8:26:30 AM,1,Up,2
1024,8:26:30 AM,1,Up,3
1025,8:26:30 AM,1,Up,2
1026,8:26:30 AM,1,Up,2
1027,8:26:30 AM,1,Up,4
1028,8:26:30 AM,1,Up,6
1029,8:26:30 AM,1,Up,3
1030,8:26:30 AM,1,Up,4
1031,8:26:30 AM,1,Up,3
1032,8:26:30 AM,1,Up,5
1033,8:26:30 AM,5,Down,2
1034,8:26:30 AM,3,Up,6
1035,8:26:30 AM,5,Up,6
1036,8:26:30 AM,6,Down,3
1037,8:26:30 AM,4,Up,6
1038,8:26:30 AM,4,Up,5
1039,8:27:00 AM,1,Up,4
1040,8:27:00 AM,1,Up,3
1041,8:27:00 AM,1,Up,3
1042,8:27:00 AM,1,Up,6
1043,8:27:00 AM,1,Up,5
1044,8:27:00 AM,1,Up,3
1045,8:27:00 AM,1,Up,2
1046,8:27:00 AM,1,Up,6
1047,8:27:00 AM,1,Up,4
1048,8:27:00 AM,1,Up,5
1049,8:27:00 AM,1,Up,3
1050,8:27:00 AM,1,Up,6
1051,8:27:00 AM,1,Up,3
1052,8:27:00 AM,1,Up,5
1053,8:27:00 AM,1,Up,2
1054,8:27:00 AM,1,Up,2
1055,8:27:00 AM,1,Up,5
1056,8:27:00 AM,1,Up,4
1057,8:27:00 AM,3,Down,2
1058,8:27:00 AM,3,Down,2
1059,8:27:00 AM,4,Up,5
1060,8:27:00 AM,2,Down,1
1061,8:27:00 AM,3,Up,5
1062,8:27:00 AM,4,Up,6
1063,8:27:00 AM,4,Up,5
1064,8:27:30 AM,1,Up,4
1065,8:27:30 AM,1,Up,5
1066,8:27:30 AM,1,Up,5
1067,8:27:30 AM,1,Up,3
1068,8:27:30 AM,1,Up,4
1069,8:27:30 AM,1,Up,5
1070,8:27:30 AM,1,Up,3
1071,8:27:30 AM,1,Up,3
1072,8:27:30 AM,1,Up,5
1073,8:27:30 AM,1,Up,3
1074,8:27:30 AM,1,Up,4
1075,8:27:30 AM,1,Up,4
1076,8:27:30 AM,1,Up,6
1077,8:27:30 AM,1,Up,2
1078,8:27:30 AM,1,Up,2
1079,8:27:30 AM,1,Up,4
1080,8:27:30 AM,1,Up,4
1081,8:27:30 AM,1,Up,3
1082,8:27:30 AM,1,Up,4
1083,8:27:30 AM,2,Up,4
1084,8:27:30 AM,2,Down,1
1085,8:27:30 AM,3,Down,2
1086,8:27:30 AM,3,Up,6
1087,8:27:30 AM,2,Down,1
1088,8:27:30 AM,4,Up,5
1089,8:27:30 AM,5,Down,4
1090,8:28:00 AM,1,Up,4
1091,8:28:00 AM,1,Up,2
1092,8:28:00 AM,1,Up,3
1093,8:28:00 AM,1,Up,5
1094,8:28:00 AM,1,Up,2
1095,8:28:00 AM,1,Up,5
1096,8:28:00 AM,1,Up,4
1097,8:28:00 AM,1,Up,4
1098,8:28:00 AM,1,Up,2
1099,8:28:00 AM,1,Up,6
1100,8:28:00 AM,1,Up,5
1101,8:28:00 AM,1,Up,3
1102,8:28:00 AM,1,Up,6
1103,8:28:00 AM,1,Up,2
1104,8:28:00 AM,1,Up,3
1105,8:28:00 AM,1,Up,5
1106,8:28:00 AM,1,Up,2
1107,8:28:00 AM,1,Up,5
1108,8:28:00 AM,1,Up,3
1109,8:28:00 AM,4,Up,6
1110,8:28:00 AM,4,Down,3
1111,8:28:00 AM,4,Up,5
1112,8:28:00 AM,2,Up,3
1113,8:28:00 AM,5,Up,6
1114,8:28:30 AM,1,Up,5
1115,8:28:30 AM,1,Up,4
1116,8:28:30 AM,1,Up,4
1117,8:28:30 AM,1,Up,2
1118,8:28:30 AM,1,Up,3
1119,8:28:30 AM,1,Up,6
1120,8:28:30 AM,1,Up,5
1121,8:28:30 AM,1,Up,5
1122,8:28:30 AM,1,Up,4
1123,8:28:30 AM,1,Up,3
1124,8:28:30 AM,5,Down,2
1125,8:28:30 AM,4,Down,2
1126,8:28:30 AM,4,Up,6
1127,8:29:00 AM,1,Up,5
1128,8:29:00 AM,1,Up,4
1129,8:29:00 AM,1,Up,6
1130,8:29:00 AM,1,Up,4
1131,8:29:00 AM,1,Up,5
1132,8:29:00 AM,1,Up,4
1133,8:29:00 AM,1,Up,5
1134,8:29:00 AM,1,Up,3
1135,8:29:00 AM,1,Up,5
1136,8:29:00 AM,1,Up,6
1137,8:29:00 AM,1,Up,3
1138,8:29:00 AM,1,Up,6
1139,8:29:00 AM,1,Up,3
1140,8:29:00 AM,1,Up,2
1141,8:29:00 AM,1,Up,2
1142,8:29:00 AM,1,Up,6
1143,8:29:00 AM,1,Up,5
1144,8:29:00 AM,1,Up,3
1145,8:29:00 AM,3,Down,1
1146,8:29:00 AM,4,Up,5
1147,8:29:00 AM,6,Down,2
1148,8:29:00 AM,4,Up,6
1149,8:29:00 AM,4,Up,6
1150,8:29:00 AM,3,Up,5
1151,8:29:00 AM,2,Down,1
1152,8:29:00 AM,2,Up,5
1153,8:29:00 AM,6,Down,3
1154,8:29:30 AM,1,Up,3
1155,8:29:30 AM,1,Up,3
1156,8:29:30 AM,1,Up,5
1157,8:29:30 AM,1,Up,2
1158,8:29:30 AM,1,Up,2
1159,8:29:30 AM,1,Up,3
1160,8:29:30 AM,1,Up,4
1161,8:29:30 AM,1,Up,5
1162,8:29:30 AM,1,Up,2
1163,8:29:30 AM,1,Up,4
1164,8:29:30 AM,1,Up,4
1165,8:29:30 AM,1,Up,3
1166,8:29:30 AM,3,Down,1
1167,8:29:30 AM,4,Up,6
1168,8:29:30 AM,2,Up,6
1169,8:29:30 AM,5,Up,6
1170,8:29:30 AM,4,Down,3
1171,8:30:00 AM,1,Up,6
1172,8:30:00 AM,1,Up,2
1173,8:30:00 AM,1,Up,4
1174,8:30:00 AM,1,Up,2
1175,8:30:00 AM,1,Up,4
1176,8:30:00 AM,1,Up,6
1177,8:30:00 AM,1,Up,5
1178,8:30:00 AM,1,Up,4
1179,8:30:00 AM,1,Up,5
1180,8:30:00 AM,1,Up,3
1181,8:30:00 AM,1,Up,6
1182,8:30:00 AM,1,Up,2
1183,8:30:00 AM,1,Up,4
1184,8:30:00 AM,1,Up,5
1185,8:30:00 AM,1,Up,4
1186,8:30:00 AM,6,Down,5
1187,8:30:00 AM,2,Down,1
1188,8:30:00 AM,3,Up,6
1189,8:30:00 AM,4,Down,1
1190,8:30:00 AM,6,Down,4
1191,8:30:30 AM,1,Up,3
1192,8:30:30 AM,1,Up,2
1193,8:30:30 AM,1,Up,6
1194,8:30:30 AM,1,Up,3
1195,8:30:30 AM,1,Up,3
1196,8:30:30 AM,1,Up,2
1197,8:30:30 AM,1,Up,6
1198,8:30:30 AM,1,Up,4
1199,8:30:30 AM,1,Up,6
1200,8:30:30 AM,1,Up,5
1201,8:30:30 AM,1,Up,5
1202,8:30:30 AM,1,Up,6
1203,8:30:30 AM,1,Up,4
1204,8:30:30 AM,1,Up,6
1205,8:30:30 AM,1,Up,2
1206,8:30:30 AM,5,Up,6
1207,8:30:30 AM,3,Up,6
1208,8:30:30 AM,2,Up,3
1209,8:30:30 AM,5,Up,6
1210,8:30:30 AM,2,Up,4
1211,8:31:00 AM,1,Up,4
1212,8:31:00 AM,1,Up,5
1213,8:31:00 AM,1,Up,3
1214,8:31:00 AM,1,Up,5
1215,8:31:00 AM,1,Up,6
1216,8:31:00 AM,1,Up,2
1217,8:31:00 AM,1,Up,3
1218,8:31:00 AM,1,Up,4
1219,8:31:00 AM,1,Up,2
1220,8:31:00 AM,1,Up,6
1221,8:31:00 AM,1,Up,3
1222,8:31:00 AM,1,Up,6
1223,8:31:00 AM,1,Up,2
1224,8:31:00 AM,1,Up,6
1225,8:31:00 AM,4,Down,3
1226,8:31:00 AM,3,Down,2
1227,8:31:00 AM,3,Up,5
1228,8:31:00 AM,3,Down,2
1229,8:31:00 AM,5,Up,6
1230,8:31:00 AM,2,Up,4
1231,8:31:00 AM,6,Down,1
1232,8:31:00 AM,4,Up,6
1233,8:31:30 AM,1,Up,5
1234,8:31:30 AM,1,Up,3
1235,8:31:30 AM,1,Up,6
1236,8:31:30 AM,1,Up,6
1237,8:31:30 AM,1,Up,3
1238,8:31:30 AM,1,Up,3
1239,8:31:30 AM,1,Up,5
1240,8:31:30 AM,1,Up,4
1241,8:31:30 AM,1,Up,6
1242,8:31:30 AM,1,Up,3
1243,8:31:30 AM,3,Down,2
1244,8:31:30 AM,2,Up,3
1245,8:31:30 AM,3,Down,1
1246,8:31:30 AM,4,Up,5
1247,8:31:30 AM,5,Up,6
1248,8:32:00 AM,1,Up,6
1249,8:32:00 AM,1,Up,4
1250,8:32:00 AM,1,Up,3
1251,8:32:00 AM,1,Up,4
1252,8:32:00 AM,1,Up,5
1253,8:32:00 AM,1,Up,4
1254,8:32:00 AM,1,Up,6
1255,8:32:00 AM,1,Up,2
1256,8:32:00 AM,1,Up,3
1257,8:32:00 AM,1,Up,4
1258,8:32:00 AM,1,Up,5
1259,8:32:00 AM,1,Up,3
1260,8:32:00 AM,5,Up,6
1261,8:32:00 AM,4,Down,1
1262,8:32:00 AM,6,Down,1
1263,8:32:00 AM,3,Up,5
1264,8:32:00 AM,3,Down,2
1265,8:32:00 AM,4,Down,1
1266,8:32:30 AM,1,Up,2
1267,8:32:30 AM,1,Up,3
1268,8:32:30 AM,1,Up,3
1269,8:32:30 AM,1,Up,6
1270,8:32:30 AM,1,Up,4
1271,8:32:30 AM,1,Up,3
1272,8:32:30 AM,1,Up,6
1273,8:32:30 AM,1,Up,6
1274,8:32:30 AM,1,Up,4
1275,8:32:30 AM,1,Up,5
1276,8:32:30 AM,3,Up,4
1277,8:32:30 AM,2,Down,1
1278,8:32:30 AM,6,Down,1
1279,8:32:30 AM,4,Up,6
1280,8:33:00 AM,1,Up,2
1281,8:33:00 AM,1,Up,6
1282,8:33:00 AM,1,Up,3
1283,8:33:00 AM,1,Up,3
1284,8:33:00 AM,1,Up,4
1285,8:33:00 AM,1,Up,2
1286,8:33:00 AM,1,Up,4
1287,8:33:00 AM,1,Up,2
1288,8:33:00 AM,1,Up,3
1289,8:33:00 AM,3,Up,5
1290,8:33:00 AM,5,Up,6
1291,8:33:00 AM,6,Down,4
1292,8:33:00 AM,3,Down,1
1293,8:33:00 AM,2,Down,1
1294,8:33:30 AM,1,Up,4
1295,8:33:30 AM,1,Up,5
1296,8:33:30 AM,1,Up,5
1297,8:33:30 AM,1,Up,3
1298,8:33:30 AM,1,Up,2
1299,8:33:30 AM,1,Up,3
1300,8:33:30 AM,1,Up,4
1301,8:33:30 AM,1,Up,3
1302,8:33:30 AM,1,Up,2
1303,8:33:30 AM,1,Up,6
1304,8:33:30 AM,1,Up,4
1305,8:33:30 AM,1,Up,3
1306,8:33:30 AM,1,Up,3
1307,8:33:30 AM,1,Up,6
1308,8:33:30 AM,1,Up,2
1309,8:33:30 AM,2,Down,1
1310,8:33:30 AM,6,Down,2
1311,8:33:30 AM,2,Down,1
1312,8:33:30 AM,6,Down,3
1313,8:33:30 AM,2,Down,1
1314,8:33:30 AM,5,Up,6
1315,8:33:30 AM,4,Down,2
1316,8:33:30 AM,3,Down,1
1317,8:34:00 AM,1,Up,2
1318,8:34:00 AM,1,Up,6
1319,8:34:00 AM,1,Up,2
1320,8:34:00 AM,1,Up,4
1321,8:34:00 AM,1,Up,4
1322,8:34:00 AM,1,Up,6
1323,8:34:00 AM,1,Up,6
1324,8:34:00 AM,1,Up,5
1325,8:34:00 AM,1,Up,6
1326,8:34:00 AM,1,Up,4
1327,8:34:00 AM,1,Up,5
1328,8:34:00 AM,1,Up,6
1329,8:34:00 AM,1,Up,2
1330,8:34:00 AM,1,Up,5
1331,8:34:00 AM,3,Up,4
1332,8:34:00 AM,3,Up,6
1333,8:34:00 AM,5,Up,6
1334,8:34:00 AM,2,Down,1
1335,8:34:30 AM,1,Up,5
1336,8:34:30 AM,1,Up,3
1337,8:34:30 AM,1,Up,6
1338,8:34:30 AM,1,Up,3
1339,8:34:30 AM,1,Up,4
1340,8:34:30 AM,1,Up,5
1341,8:34:30 AM,1,Up,6
1342,8:34:30 AM,1,Up,4
1343,8:34:30 AM,6,Down,4
1344,8:34:30 AM,6,Down,3
1345,8:34:30 AM,4,Up,5
1346,8:34:30 AM,2,Up,6
1347,8:34:30 AM,3,Up,4
1348,8:34:30 AM,4,Up,6
1349,8:35:00 AM,1,Up,4
1350,8:35:00 AM,1,Up,5
1351,8:35:00 AM,1,Up,3
1352,8:35:00 AM,1,Up,6
1353,8:35:00 AM,1,Up,3
1354,8:35:00 AM,1,Up,5
1355,8:35:00 AM,1,Up,6
1356,8:35:00 AM,1,Up,5
1357,8:35:00 AM,1,Up,5
1358,8:35:00 AM,1,Up,5
1359,8:35:00 AM,1,Up,6
1360,8:35:00 AM,1,Up,4
1361,8:35:00 AM,1,Up,2
1362,8:35:00 AM,1,Up,4
1363,8:35:00 AM,6,Down,5
1364,8:35:00 AM,5,Up,6
1365,8:35:00 AM,3,Down,1
1366,8:35:00 AM,3,Down,2
1367,8:35:00 AM,2,Down,1
1368,8:35:00 AM,2,Up,4
1369,8:35:30 AM,1,Up,4
1370,8:35:30 AM,1,Up,3
1371,8:35:30 AM,1,Up,4
1372,8:35:30 AM,1,Up,6
1373,8:35:30 AM,1,Up,6
1374,8:35:30 AM,1,Up,3
1375,8:35:30 AM,1,Up,4
1376,8:35:30 AM,1,Up,4
1377,8:35:30 AM,1,Up,4
1378,8:35:30 AM,1,Up,6
1379,8:35:30 AM,1,Up,4
1380,8:35:30 AM,1,Up,6
1381,8:35:30 AM,1,Up,6
1382,8:35:30 AM,4,Down,1
1383,8:35:30 AM,2,Down,1
1384,8:35:30 AM,4,Up,5
1385,8:35:30 AM,4,Down,2
1386,8:35:30 AM,3,Down,2
1387,8:35:30 AM,5,Up,6
1388,8:35:30 AM,6,Down,5
1389,8:36:00 AM,1,Up,4
1390,8:36:00 AM,1,Up,4
1391,8:36:00 AM,1,Up,5
1392,8:36:00 AM,1,Up,2
1393,8:36:00 AM,1,Up,6
1394,8:36:00 AM,1,Up,5
1395,8:36:00 AM,1,Up,3
1396,8:36:00 AM,1,Up,6
1397,8:36:00 AM,4,Down,1
1398,8:36:00 AM,2,Up,6
1399,8:36:00 AM,3,Up,6
1400,8:36:00 AM,2,Up,4
1401,8:36:00 AM,4,Down,1
1402,8:36:00 AM,5,Up,6
1403,8:36:00 AM,4,Up,5
1404,8:36:30 AM,1,Up,4
1405,8:36:30 AM,1,Up,6
1406,8:36:30 AM,1,Up,2
1407,8:36:30 AM,1,Up,5
1408,8:36:30 AM,1,Up,6
1409,8:36:30 AM,1,Up,5
1410,8:36:30 AM,1,Up,3
1411,8:36:30 AM,1,Up,5
1412,8:36:30 AM,1,Up,2
1413,8:36:30 AM,2,Down,1
1414,8:36:30 AM,2,Up,6
1415,8:36:30 AM,5,Up,6
1416,8:36:30 AM,3,Up,6
1417,8:36:30 AM,3,Up,4
1418,8:36:30 AM,5,Up,6
1419,8:37:00 AM,1,Up,3
1420,8:37:00 AM,1,Up,2
1421,8:37:00 AM,1,Up,3
1422,8:37:00 AM,1,Up,2
1423,8:37:00 AM,1,Up,2
1424,8:37:00 AM,1,Up,2
1425,8:37:00 AM,1,Up,4
1426,8:37:00 AM,1,Up,5
1427,8:37:00 AM,1,Up,3
1428,8:37:00 AM,1,Up,4
1429,8:37:00 AM,1,Up,3
1430,8:37:00 AM,5,Down,3
1431,8:37:00 AM,4,Up,5
1432,8:37:00 AM,3,Down,2
1433,8:37:00 AM,5,Up,6
1434,8:37:00 AM,6,Down,3
1435,8:37:30 AM,1,Up,3
1436,8:37:30 AM,1,Up,6
1437,8:37:30 AM,1,Up,6
1438,8:37:30 AM,1,Up,4
1439,8:37:30 AM,1,Up,6
1440,8:37:30 AM,1,Up,6
1441,8:37:30 AM,1,Up,6
1442,8:37:30 AM,1,Up,3
1443,8:37:30 AM,1,Up,6
1444,8:37:30 AM,1,Up,4
1445,8:37:30 AM,1,Up,5
1446,8:37:30 AM,1,Up,6
1447,8:37:30 AM,1,Up,4
1448,8:37:30 AM,1,Up,2
1449,8:37:30 AM,4,Down,1
1450,8:37:30 AM,2,Up,4
1451,8:37:30 AM,3,Down,1
1452,8:37:30 AM,5,Up,6
1453,8:37:30 AM,2,Up,6
1454,8:37:30 AM,4,Down,3
1455,8:38:00 AM,1,Up,2
1456,8:38:00 AM,1,Up,3
1457,8:38:00 AM,1,Up,3
1458,8:38:00 AM,1,Up,2
1459,8:38:00 AM,1,Up,3
1460,8:38:00 AM,1,Up,3
1461,8:38:00 AM,1,Up,2
1462,8:38:00 AM,1,Up,2
1463,8:38:00 AM,1,Up,4
1464,8:38:00 AM,1,Up,2
1465,8:38:00 AM,1,Up,5
1466,8:38:00 AM,6,Down,1
1467,8:38:00 AM,2,Up,5
1468,8:38:00 AM,3,Up,5
1469,8:38:00 AM,5,Down,1
1470,8:38:00 AM,2,Up,6
1471,8:38:00 AM,5,Down,2
1472,8:38:00 AM,5,Up,6
1473,8:38:30 AM,1,Up,5
1474,8:38:30 AM,1,Up,6
1475,8:38:30 AM,1,Up,3
1476,8:38:30 AM,1,Up,3
1477,8:38:30 AM,1,Up,2
1478,8:38:30 AM,1,Up,3
1479,8:38:30 AM,1,Up,4
1480,8:38:30 AM,1,Up,3
1481,8:38:30 AM,1,Up,6
1482,8:38:30 AM,5,Down,2
1483,8:38:30 AM,2,Down,1
1484,8:38:30 AM,4,Up,5
1485,8:38:30 AM,3,Down,2
1486,8:38:30 AM,6,Down,5
1487,8:39:00 AM,1,Up,4
1488,8:39:00 AM,1,Up,3
1489,8:39:00 AM,1,Up,4
1490,8:39:00 AM,1,Up,4
1491,8:39:00 AM,1,Up,4
1492,8:39:00 AM,1,Up,5
1493,8:39:00 AM,1,Up,5
1494,8:39:00 AM,1,Up,5
1495,8:39:00 AM,1,Up,5
1496,8:39:00 AM,1,Up,2
1497,8:39:00 AM,1,Up,6
1498,8:39:00 AM,1,Up,4
1499,8:39:00 AM,1,Up,3
1500,8:39:00 AM,1,Up,6
1501,8:39:00 AM,1,Up,5
1502,8:39:00 AM,1,Up,6
1503,8:39:00 AM,1,Up,4
1504,8:39:00 AM,2,Down,1
1505,8:39:00 AM,2,Up,4
1506,8:39:00 AM,6,Down,3
1507,8:39:00 AM,4,Down,3
1508,8:39:00 AM,4,Up,5
1509,8:39:00 AM,4,Down,3
1510,8:39:00 AM,6,Down,4
1511,8:39:30 AM,1,Up,6
1512,8:39:30 AM,1,Up,6
1513,8:39:30 AM,1,Up,6
1514,8:39:30 AM,1,Up,5
1515,8:39:30 AM,1,Up,3
1516,8:39:30 AM,1,Up,2
1517,8:39:30 AM,1,Up,6
1518,8:39:30 AM,1,Up,2
1519,8:39:30 AM,1,Up,5
1520,8:39:30 AM,1,Up,4
1521,8:39:30 AM,1,Up,4
1522,8:39:30 AM,1,Up,3
1523,8:39:30 AM,1,Up,6
1524,8:39:30 AM,1,Up,4
1525,8:39:30 AM,1,Up,6
1526,8:39:30 AM,1,Up,5
1527,8:39:30 AM,3,Up,6
1528,8:39:30 AM,2,Down,1
1529,8:39:30 AM,5,Down,3
1530,8:39:30 AM,4,Up,6
1531,8:39:30 AM,5,Up,6
1532,8:39:30 AM,4,Up,5
1533,8:40:00 AM,1,Up,2
1534,8:40:00 AM,1,Up,4
1535,8:40:00 AM,1,Up,6
1536,8:40:00 AM,1,Up,6
1537,8:40:00 AM,1,Up,4
1538,8:40:00 AM,1,Up,5
1539,8:40:00 AM,1,Up,4
1540,8:40:00 AM,1,Up,6
1541,8:40:00 AM,1,Up,5
1542,8:40:00 AM,1,Up,6
1543,8:40:00 AM,1,Up,6
1544,8:40:00 AM,1,Up,6
1545,8:40:00 AM,1,Up,2
1546,8:40:00 AM,1,Up,4
1547,8:40:00 AM,1,Up,4
1548,8:40:00 AM,1,Up,3
1549,8:40:00 AM,1,Up,3
1550,8:40:00 AM,4,Up,6
1551,8:40:00 AM,4,Down,2
1552,8:40:00 AM,2,Up,5
1553,8:40:00 AM,4,Down,2
1554,8:40:00 AM,5,Up,6
1555,8:40:00 AM,2,Up,5
1556,8:40:00 AM,2,Up,4
1557,8:40:00 AM,3,Up,6
1558,8:40:00 AM,3,Down,1
1559,8:40:30 AM,1,Up,4
1560,8:40:30 AM,1,Up,4
1561,8:40:30 AM,1,Up,6
1562,8:40:30 AM,1,Up,5
1563,8:40:30 AM,1,Up,2
1564,8:40:30 AM,1,Up,5
1565,8:40:30 AM,1,Up,5
1566,8:40:30 AM,1,Up,4
1567,8:40:30 AM,1,Up,6
1568,8:40:30 AM,1,Up,3
1569,8:40:30 AM,1,Up,4
1570,8:40:30 AM,1,Up,2
1571,8:40:30 AM,1,Up,3
1572,8:40:30 AM,1,Up,6
1573,8:40:30 AM,1,Up,2
1574,8:40:30 AM,1,Up,5
1575,8:40:30 AM,2,Down,1
1576,8:40:30 AM,3,Down,2
1577,8:40:30 AM,4,Down,3
1578,8:40:30 AM,2,Up,4
1579,8:40:30 AM,2,Down,1
1580,8:40:30 AM,2,Down,1
1581,8:40:30 AM,6,Down,3
1582,8:41:00 AM,1,Up,6
1583,8:41:00 AM,1,Up,3
1584,8:41:00 AM,1,Up,5
1585,8:41:00 AM,1,Up,6
1586,8:41:00 AM,1,Up,4
1587,8:41:00 AM,1,Up,6
1588,8:41:00 AM,1,Up,5
1589,8:41:00 AM,1,Up,6
1590,8:41:00 AM,1,Up,5
1591,8:41:00 AM,1,Up,4
1592,8:41:00 AM,1,Up,4
1593,8:41:00 AM,1,Up,2
1594,8:41:00 AM,1,Up,6
1595,8:41:00 AM,1,Up,5
1596,8:41:00 AM,3,Down,2
1597,8:41:00 AM,3,Up,5
1598,8:41:00 AM,3,Up,5
1599,8:41:00 AM,3,Down,2
1600,8:41:30 AM,1,Up,6
1601,8:41:30 AM,1,Up,3
1602,8:41:30 AM,1,Up,6
1603,8:41:30 AM,1,Up,5
1604,8:41:30 AM,1,Up,6
1605,8:41:30 AM,1,Up,2
1606,8:41:30 AM,1,Up,2
1607,8:41:30 AM,1,Up,6
1608,8:41:30 AM,1,Up,4
1609,8:41:30 AM,1,Up,3
1610,8:41:30 AM,1,Up,2
1611,8:41:30 AM,1,Up,3
1612,8:41:30 AM,1,Up,2
1613,8:41:30 AM,1,Up,6
1614,8:41:30 AM,1,Up,5
1615,8:41:30 AM,1,Up,2
1616,8:41:30 AM,1,Up,3
1617,8:41:30 AM,1,Up,3
1618,8:41:30 AM,1,Up,3
1619,8:41:30 AM,2,Down,1
1620,8:41:30 AM,3,Up,4
1621,8:41:30 AM,5,Down,1
1622,8:41:30 AM,5,Down,3
1623,8:41:30 AM,4,Down,3
1624,8:42:00 AM,1,Up,3
1625,8:42:00 AM,1,Up,3
1626,8:42:00 AM,1,Up,2
1627,8:42:00 AM,1,Up,3
1628,8:42:00 AM,1,Up,4
1629,8:42:00 AM,1,Up,6
1630,8:42:00 AM,1,Up,3
1631,8:42:00 AM,1,Up,3
1632,8:42:00 AM,1,Up,4
1633,8:42:00 AM,1,Up,4
1634,8:42:00 AM,1,Up,2
1635,8:42:00 AM,5,Up,6
1636,8:42:00 AM,6,Down,5
1637,8:42:00 AM,6,Down,4
1638,8:42:00 AM,6,Down,5
1639,8:42:00 AM,4,Up,6
1640,8:42:30 AM,1,Up,5
1641,8:42:30 AM,1,Up,4
1642,8:42:30 AM,1,Up,6
1643,8:42:30 AM,1,Up,6
1644,8:42:30 AM,1,Up,6
1645,8:42:30 AM,1,Up,4
1646,8:42:30 AM,1,Up,3
1647,8:42:30 AM,1,Up,5
1648,8:42:30 AM,1,Up,3
1649,8:42:30 AM,3,Up,4
1650,8:42:30 AM,3,Down,2
1651,8:42:30 AM,3,Down,2
1652,8:42:30 AM,5,Down,3
1653,8:42:30 AM,3,Down,1
1654,8:42:30 AM,3,Up,6
1655,8:42:30 AM,4,Down,3
1656,8:42:30 AM,2,Down,1
1657,8:43:00 AM,1,Up,2
1658,8:43:00 AM,1,Up,6
1659,8:43:00 AM,1,Up,2
1660,8:43:00 AM,1,Up,5
1661,8:43:00 AM,1,Up,3
1662,8:43:00 AM,1,Up,5
1663,8:43:00 AM,1,Up,5
1664,8:43:00 AM,1,Up,3
1665,8:43:00 AM,1,Up,4
1666,8:43:00 AM,3,Up,6
1667,8:43:00 AM,4,Up,6
1668,8:43:00 AM,3,Up,4
1669,8:43:00 AM,6,Down,4
1670,8:43:00 AM,5,Down,4
1671,8:43:00 AM,6,Down,2
1672,8:43:00 AM,4,Down,2
1673,8:43:30 AM,1,Up,3
1674,8:43:30 AM,1,Up,5
1675,8:43:30 AM,1,Up,2
1676,8:43:30 AM,1,Up,4
1677,8:43:30 AM,1,Up,2
1678,8:43:30 AM,1,Up,4
1679,8:43:30 AM,1,Up,3
1680,8:43:30 AM,1,Up,3
1681,8:43:30 AM,1,Up,4
1682,8:43:30 AM,1,Up,6
1683,8:43:30 AM,1,Up,2
1684,8:43:30 AM,1,Up,5
1685,8:43:30 AM,1,Up,4
1686,8:43:30 AM,1,Up,5
1687,8:43:30 AM,1,Up,6
1688,8:43:30 AM,1,Up,3
1689,8:43:30 AM,1,Up,3
1690,8:43:30 AM,5,Up,6
1691,8:43:30 AM,3,Up,6
1692,8:43:30 AM,4,Down,1
1693,8:43:30 AM,4,Up,6
1694,8:43:30 AM,3,Up,4
1695,8:43:30 AM,5,Up,6
1696,8:44:00 AM,1,Up,2
1697,8:44:00 AM,1,Up,4
1698,8:44:00 AM,1,Up,4
1699,8:44:00 AM,1,Up,2
1700,8:44:00 AM,1,Up,3
1701,8:44:00 AM,1,Up,3
1702,8:44:00 AM,1,Up,6
1703,8:44:00 AM,1,Up,4
1704,8:44:00 AM,1,Up,2
1705,8:44:00 AM,1,Up,2
1706,8:44:00 AM,4,Down,1
1707,8:44:00 AM,6,Down,5
1708,8:44:00 AM,4,Down,3
1709,8:44:00 AM,3,Down,1
1710,8:44:00 AM,2,Up,5
1711,8:44:00 AM,4,Down,1
1712,8:44:30 AM,1,Up,6
1713,8:44:30 AM,1,Up,3
1714,8:44:30 AM,1,Up,2
1715,8:44:30 AM,1,Up,4
1716,8:44:30 AM,1,Up,5
1717,8:44:30 AM,1,Up,4
1718,8:44:30 AM,1,Up,5
1719,8:44:30 AM,1,Up,4
1720,8:44:30 AM,1,Up,6
1721,8:44:30 AM,1,Up,3
1722,8:44:30 AM,1,Up,3
1723,8:44:30 AM,5,Up,6
1724,8:44:30 AM,5,Up,6
1725,8:44:30 AM,5,Up,6
1726,8:44:30 AM,4,Down,3
1727,8:44:30 AM,2,Up,3
1728,8:44:30 AM,4,Down,1
1729,8:44:30 AM,5,Up,6
1730,8:45:00 AM,1,Up,5
1731,8:45:00 AM,1,Up,2
1732,8:45:00 AM,1,Up,5
1733,8:45:00 AM,1,Up,6
1734,8:45:00 AM,1,Up,4
1735,8:45:00 AM,1,Up,4
1736,8:45:00 AM,1,Up,2
1737,8:45:00 AM,1,Up,2
1738,8:45:00 AM,1,Up,6
1739,8:45:00 AM,1,Up,2
1740,8:45:00 AM,1,Up,2
1741,8:45:00 AM,1,Up,4
1742,8:45:00 AM,1,Up,6
1743,8:45:00 AM,1,Up,6
1744,8:45:00 AM,1,Up,3
1745,8:45:00 AM,5,Up,6
1746,8:45:00 AM,3,Down,2
1747,8:45:00 AM,5,Up,6
1748,8:45:00 AM,4,Up,6
1749,8:45:00 AM,4,Down,2
1750,8:45:00 AM,4,Up,5
1751,8:45:00 AM,4,Down,1
1752,8:45:30 AM,1,Up,5
1753,8:45:30 AM,1,Up,6
1754,8:45:30 AM,1,Up,4
1755,8:45:30 AM,1,Up,2
1756,8:45:30 AM,1,Up,4
1757,8:45:30 AM,1,Up,2
1758,8:45:30 AM,1,Up,6
1759,8:45:30 AM,1,Up,3
1760,8:45:30 AM,1,Up,2
1761,8:45:30 AM,1,Up,6
1762,8:45:30 AM,1,Up,5
1763,8:45:30 AM,1,Up,5
1764,8:45:30 AM,1,Up,6
1765,8:45:30 AM,1,Up,4
1766,8:45:30 AM,1,Up,3
1767,8:45:30 AM,1,Up,6
1768,8:45:30 AM,1,Up,6
1769,8:45:30 AM,1,Up,2
1770,8:45:30 AM,5,Down,3
1771,8:45:30 AM,2,Up,3
1772,8:45:30 AM,4,Up,6
1773,8:45:30 AM,3,Up,5
1774,8:45:30 AM,3,Up,5
1775,8:45:30 AM,4,Down,1
1776,8:45:30 AM,5,Down,4
1777,8:46:00 AM,1,Up,5
1778,8:46:00 AM,1,Up,6
1779,8:46:00 AM,1,Up,6
1780,8:46:00 AM,1,Up,6
1781,8:46:00 AM,1,Up,4
1782,8:46:00 AM,1,Up,3
1783,8:46:00 AM,1,Up,3
1784,8:46:00 AM,1,Up,6
1785,8:46:00 AM,1,Up,6
1786,8:46:00 AM,1,Up,6
1787,8:46:00 AM,1,Up,5
1788,8:46:00 AM,1,Up,5
1789,8:46:00 AM,1,Up,5
1790,8:46:00 AM,1,Up,6
1791,8:46:00 AM,1,Up,4
1792,8:46:00 AM,1,Up,5
1793,8:46:00 AM,1,Up,6
1794,8:46:00 AM,1,Up,5
1795,8:46:00 AM,6,Down,3
1796,8:46:00 AM,2,Up,5
1797,8:46:00 AM,6,Down,2
1798,8:46:00 AM,2,Down,1
1799,8:46:00 AM,3,Up,4
1800,8:46:00 AM,4,Up,5
1801,8:46:00 AM,6,Down,3
1802,8:46:00 AM,6,Down,3
1803,8:46:30 AM,1,Up,4
1804,8:46:30 AM,1,Up,3
1805,8:46:30 AM,1,Up,3
1806,8:46:30 AM,1,Up,2
1807,8:46:30 AM,1,Up,2
1808,8:46:30 AM,1,Up,4
1809,8:46:30 AM,1,Up,2
1810,8:46:30 AM,1,Up,5
1811,8:46:30 AM,1,Up,2
1812,8:46:30 AM,1,Up,5
1813,8:46:30 AM,1,Up,2
1814,8:46:30 AM,1,Up,6
1815,8:46:30 AM,5,Up,6
1816,8:46:30 AM,6,Down,5
1817,8:46:30 AM,2,Up,3
1818,8:46:30 AM,3,Down,2
1819,8:46:30 AM,5,Down,3
1820,8:46:30 AM,3,Down,1
1821,8:47:00 AM,1,Up,2
1822,8:47:00 AM,1,Up,3
1823,8:47:00 AM,1,Up,2
1824,8:47:00 AM,1,Up,4
1825,8:47:00 AM,1,Up,2
1826,8:47:00 AM,1,Up,4
1827,8:47:00 AM,1,Up,3
1828,8:47:00 AM,1,Up,4
1829,8:47:00 AM,1,Up,6
1830,8:47:00 AM,1,Up,2
1831,8:47:00 AM,1,Up,3
1832,8:47:00 AM,2,Up,6
1833,8:47:00 AM,4,Down,2
1834,8:47:00 AM,3,Down,1
1835,8:47:00 AM,2,Up,6
1836,8:47:00 AM,3,Down,1
1837,8:47:00 AM,4,Up,6
1838,8:47:00 AM,2,Up,4
1839,8:47:00 AM,4,Down,1
1840,8:47:30 AM,1,Up,3
1841,8:47:30 AM,1,Up,2
1842,8:47:30 AM,1,Up,5
1843,8:47:30 AM,1,Up,4
1844,8:47:30 AM,1,Up,4
1845,8:47:30 AM,1,Up,3
1846,8:47:30 AM,1,Up,5
1847,8:47:30 AM,1,Up,2
1848,8:47:30 AM,1,Up,3
1849,8:47:30 AM,1,Up,3
1850,8:47:30 AM,5,Up,6
1851,8:47:30 AM,5,Down,2
1852,8:47:30 AM,5,Up,6
1853,8:47:30 AM,4,Up,5
1854,8:47:30 AM,5,Down,4
1855,8:47:30 AM,3,Up,5
1856,8:47:30 AM,2,Up,4
1857,8:48:00 AM,1,Up,5
1858,8:48:00 AM,1,Up,2
1859,8:48:00 AM,1,Up,6
1860,8:48:00 AM,1,Up,4
1861,8:48:00 AM,1,Up,5
1862,8:48:00 AM,1,Up,3
1863,8:48:00 AM,1,Up,3
1864,8:48:00 AM,1,Up,4
1865,8:48:00 AM,1,Up,4
1866,8:48:00 AM,3,Down,2
1867,8:48:00 AM,4,Down,3
1868,8:48:00 AM,2,Up,6
1869,8:48:00 AM,2,Up,5
1870,8:48:00 AM,3,Down,2
1871,8:48:00 AM,4,Up,5
1872,8:48:30 AM,1,Up,6
1873,8:48:30 AM,1,Up,4
1874,8:48:30 AM,1,Up,5
1875,8:48:30 AM,1,Up,4
1876,8:48:30 AM,1,Up,4
1877,8:48:30 AM,1,Up,3
1878,8:48:30 AM,1,Up,2
1879,8:48:30 AM,1,Up,2
1880,8:48:30 AM,1,Up,5
1881,8:48:30 AM,1,Up,4
1882,8:48:30 AM,1,Up,3
1883,8:48:30 AM,1,Up,5
1884,8:48:30 AM,1,Up,2
1885,8:48:30 AM,1,Up,2
1886,8:48:30 AM,1,Up,4
1887,8:48:30 AM,1,Up,5
1888,8:48:30 AM,3,Down,2
1889,8:48:30 AM,5,Up,6
1890,8:48:30 AM,2,Down,1
1891,8:48:30 AM,5,Up,6
1892,8:48:30 AM,2,Up,3
1893,8:48:30 AM,4,Down,1
1894,8:48:30 AM,3,Up,6
1895,8:48:30 AM,5,Up,6
1896,8:49:00 AM,1,Up,4
1897,8:49:00 AM,1,Up,5
1898,8:49:00 AM,1,Up,3
1899,8:49:00 AM,1,Up,3
1900,8:49:00 AM,1,Up,6
1901,8:49:00 AM,1,Up,4
1902,8:49:00 AM,1,Up,2
1903,8:49:00 AM,1,Up,3
1904,8:49:00 AM,1,Up,5
1905,8:49:00 AM,1,Up,4
1906,8:49:00 AM,1,Up,4
1907,8:49:00 AM,1,Up,2
1908,8:49:00 AM,1,Up,4
1909,8:49:00 AM,1,Up,2
1910,8:49:00 AM,1,Up,2
1911,8:49:00 AM,1,Up,4
1912,8:49:00 AM,1,Up,5
1913,8:49:00 AM,1,Up,4
1914,8:49:00 AM,5,Down,1
1915,8:49:00 AM,6,Down,3
1916,8:49:00 AM,3,Up,4
1917,8:49:00 AM,3,Up,4
1918,8:49:00 AM,2,Down,1
1919,8:49:00 AM,5,Up,6
1920,8:49:30 AM,1,Up,3
1921,8:49:30 AM,1,Up,2
1922,8:49:30 AM,1,Up,2
1923,8:49:30 AM,1,Up,3
1924,8:49:30 AM,1,Up,2
1925,8:49:30 AM,1,Up,5
1926,8:49:30 AM,1,Up,2
1927,8:49:30 AM,1,Up,5
1928,8:49:30 AM,1,Up,5
1929,8:49:30 AM,1,Up,3
1930,8:49:30 AM,1,Up,2
1931,8:49:30 AM,1,Up,6
1932,8:49:30 AM,4,Up,5
1933,8:49:30 AM,3,Up,6
1934,8:49:30 AM,4,Up,6
1935,8:49:30 AM,6,Down,5
1936,8:49:30 AM,3,Down,1
1937,8:49:30 AM,2,Down,1
1938,8:49:30 AM,5,Up,6
1939,8:50:00 AM,1,Up,5
1940,8:50:00 AM,1,Up,2
1941,8:50:00 AM,1,Up,6
1942,8:50:00 AM,1,Up,2
1943,8:50:00 AM,1,Up,6
1944,8:50:00 AM,1,Up,4
1945,8:50:00 AM,1,Up,4
1946,8:50:00 AM,1,Up,5
1947,8:50:00 AM,1,Up,3
1948,8:50:00 AM,1,Up,6
1949,8:50:00 AM,1,Up,3
1950,8:50:00 AM,1,Up,5
1951,8:50:00 AM,1,Up,4
1952,8:50:00 AM,1,Up,5
1953,8:50:00 AM,1,Up,3
1954,8:50:00 AM,1,Up,6
1955,8:50:00 AM,1,Up,2
1956,8:50:00 AM,1,Up,6
1957,8:50:00 AM,1,Up,2
1958,8:50:00 AM,4,Up,5
1959,8:50:00 AM,2,Down,1
1960,8:50:00 AM,4,Down,1
1961,8:50:00 AM,5,Up,6
1962,8:50:00 AM,5,Down,3
1963,8:50:00 AM,2,Down,1
1964,8:50:30 AM,1,Up,5
1965,8:50:30 AM,1,Up,5
1966,8:50:30 AM,1,Up,3
1967,8:50:30 AM,1,Up,5
1968,8:50:30 AM,1,Up,2
1969,8:50:30 AM,1,Up,4
1970,8:50:30 AM,1,Up,2
1971,8:50:30 AM,1,Up,2
1972,8:50:30 AM,1,Up,3
1973,8:50:30 AM,1,Up,5
1974,8:50:30 AM,1,Up,2
1975,8:50:30 AM,1,Up,6
1976,8:50:30 AM,1,Up,5
1977,8:50:30 AM,1,Up,4
1978,8:50:30 AM,1,Up,5
1979,8:50:30 AM,1,Up,5
1980,8:50:30 AM,1,Up,3
1981,8:50:30 AM,1,Up,6
1982,8:50:30 AM,6,Down,5
1983,8:50:30 AM,5,Up,6
1984,8:50:30 AM,2,Up,5
1985,8:50:30 AM,5,Up,6
1986,8:50:30 AM,2,Down,1
1987,8:51:00 AM,1,Up,2
1988,8:51:00 AM,1,Up,3
1989,8:51:00 AM,1,Up,6
1990,8:51:00 AM,1,Up,3
1991,8:51:00 AM,1,Up,3
1992,8:51:00 AM,1,Up,2
1993,8:51:00 AM,1,Up,5
1994,8:51:00 AM,1,Up,6
1995,8:51:00 AM,1,Up,5
1996,8:51:00 AM,1,Up,3
1997,8:51:00 AM,1,Up,6
1998,8:51:00 AM,1,Up,6
1999,8:51:00 AM,1,Up,2
2000,8:51:00 AM,2,Down,1
2001,8:51:00 AM,4,Up,5
2002,8:51:00 AM,2,Down,1
2003,8:51:00 AM,5,Down,1
2004,8:51:00 AM,6,Down,4
2005,8:51:30 AM,1,Up,2
2006,8:51:30 AM,1,Up,2
2007,8:51:30 AM,1,Up,6
2008,8:51:30 AM,1,Up,5
2009,8:51:30 AM,1,Up,5
2010,8:51:30 AM,1,Up,3
2011,8:51:30 AM,1,Up,2
2012,8:51:30 AM,1,Up,4
2013,8:51:30 AM,1,Up,6
2014,8:51:30 AM,1,Up,4
2015,8:51:30 AM,1,Up,4
2016,8:51:30 AM,1,Up,5
2017,8:51:30 AM,1,Up,3
2018,8:51:30 AM,1,Up,4
2019,8:51:30 AM,1,Up,4
2020,8:51:30 AM,1,Up,3
2021,8:51:30 AM,1,Up,6
2022,8:51:30 AM,5,Down,1
2023,8:51:30 AM,6,Down,2
2024,8:51:30 AM,3,Down,2
2025,8:51:30 AM,5,Down,1
2026,8:51:30 AM,2,Down,1
2027,8:51:30 AM,2,Down,1
2028,8:51:30 AM,5,Up,6
2029,8:51:30 AM,6,Down,1
2030,8:52:00 AM,1,Up,2
2031,8:52:00 AM,1,Up,2
2032,8:52:00 AM,1,Up,4
2033,8:52:00 AM,1,Up,5
2034,8:52:00 AM,1,Up,4
2035,8:52:00 AM,1,Up,6
2036,8:52:00 AM,1,Up,4
2037,8:52:00 AM,1,Up,6
2038,8:52:00 AM,1,Up,5
2039,8:52:00 AM,1,Up,5
2040,8:52:00 AM,1,Up,2
2041,8:52:00 AM,1,Up,2
2042,8:52:00 AM,1,Up,4
2043,8:52:00 AM,1,Up,5
2044,8:52:00 AM,1,Up,2
2045,8:52:00 AM,1,Up,2
2046,8:52:00 AM,1,Up,2
2047,8:52:00 AM,1,Up,3
2048,8:52:00 AM,2,Up,3
2049,8:52:00 AM,3,Down,1
2050,8:52:00 AM,3,Down,1
2051,8:52:00 AM,3,Up,4
2052,8:52:00 AM,4,Down,3
2053,8:52:00 AM,3,Up,5
2054,8:52:00 AM,3,Up,6
2055,8:52:00 AM,4,Up,5
2056,8:52:00 AM,4,Up,6
2057,8:52:30 AM,1,Up,5
2058,8:52:30 AM,1,Up,4
2059,8:52:30 AM,1,Up,6
2060,8:52:30 AM,1,Up,5
2061,8:52:30 AM,1,Up,3
2062,8:52:30 AM,1,Up,3
2063,8:52:30 AM,1,Up,6
2064,8:52:30 AM,1,Up,2
2065,8:52:30 AM,1,Up,2
2066,8:52:30 AM,3,Up,5
2067,8:52:30 AM,2,Up,5
2068,8:52:30 AM,4,Down,1
2069,8:52:30 AM,3,Down,2
2070,8:52:30 AM,6,Down,4
2071,8:53:00 AM,1,Up,2
2072,8:53:00 AM,1,Up,5
2073,8:53:00 AM,1,Up,3
2074,8:53:00 AM,1,Up,3
2075,8:53:00 AM,1,Up,2
2076,8:53:00 AM,1,Up,4
2077,8:53:00 AM,1,Up,6
2078,8:53:00 AM,1,Up,6
2079,8:53:00 AM,1,Up,6
2080,8:53:00 AM,1,Up,6
2081,8:53:00 AM,1,Up,4
2082,8:53:00 AM,1,Up,6
2083,8:53:00 AM,1,Up,3
2084,8:53:00 AM,2,Up,4
2085,8:53:00 AM,5,Up,6
2086,8:53:00 AM,3,Down,1
2087,8:53:00 AM,6,Down,3
2088,8:53:00 AM,2,Down,1
2089,8:53:00 AM,5,Up,6
2090,8:53:00 AM,2,Up,4
2091,8:53:30 AM,1,Up,3
2092,8:53:30 AM,1,Up,3
2093,8:53:30 AM,1,Up,3
2094,8:53:30 AM,1,Up,3
2095,8:53:30 AM,1,Up,2
2096,8:53:30 AM,1,Up,3
2097,8:53:30 AM,1,Up,5
2098,8:53:30 AM,1,Up,4
2099,8:53:30 AM,1,Up,3
2100,8:53:30 AM,1,Up,3
2101,8:53:30 AM,1,Up,3
2102,8:53:30 AM,4,Up,6
2103,8:53:30 AM,4,Up,5
2104,8:53:30 AM,4,Down,3
2105,8:53:30 AM,6,Down,3
2106,8:53:30 AM,4,Up,6
2107,8:54:00 AM,1,Up,2
2108,8:54:00 AM,1,Up,5
2109,8:54:00 AM,1,Up,2
2110,8:54:00 AM,1,Up,2
2111,8:54:00 AM,1,Up,2
2112,8:54:00 AM,1,Up,3
2113,8:54:00 AM,1,Up,6
2114,8:54:00 AM,1,Up,6
2115,8:54:00 AM,1,Up,2
2116,8:54:00 AM,1,Up,5
2117,8:54:00 AM,1,Up,4
2118,8:54:00 AM,1,Up,2
2119,8:54:00 AM,1,Up,2
2120,8:54:00 AM,4,Down,1
2121,8:54:00 AM,3,Up,4
2122,8:54:00 AM,5,Up,6
2123,8:54:00 AM,4,Down,3
2124,8:54:00 AM,3,Up,4
2125,8:54:00 AM,3,Up,4
2126,8:54:00 AM,4,Up,6
2127,8:54:30 AM,1,Up,2
2128,8:54:30 AM,1,Up,6
2129,8:54:30 AM,1,Up,5
2130,8:54:30 AM,1,Up,5
2131,8:54:30 AM,1,Up,2
2132,8:54:30 AM,1,Up,6
2133,8:54:30 AM,1,Up,3
2134,8:54:30 AM,1,Up,3
2135,8:54:30 AM,1,Up,5
2136,8:54:30 AM,1,Up,2
2137,8:54:30 AM,1,Up,5
2138,8:54:30 AM,1,Up,6
2139,8:54:30 AM,1,Up,4
2140,8:54:30 AM,1,Up,6
2141,8:54:30 AM,1,Up,5
2142,8:54:30 AM,5,Down,1
2143,8:54:30 AM,2,Up,4
2144,8:54:30 AM,4,Down,2
2145,8:54:30 AM,5,Up,6
2146,8:54:30 AM,4,Down,1
2147,8:54:30 AM,2,Down,1
2148,8:55:00 AM,1,Up,5
2149,8:55:00 AM,1,Up,2
2150,8:55:00 AM,1,Up,6
2151,8:55:00 AM,1,Up,3
2152,8:55:00 AM,1,Up,6
2153,8:55:00 AM,1,Up,5
2154,8:55:00 AM,1,Up,4
2155,8:55:00 AM,1,Up,4
2156,8:55:00 AM,1,Up,3
2157,8:55:00 AM,4,Down,1
2158,8:55:00 AM,2,Up,6
2159,8:55:00 AM,6,Down,5
2160,8:55:00 AM,6,Down,4
2161,8:55:00 AM,5,Up,6
2162,8:55:00 AM,5,Up,6
2163,8:55:00 AM,4,Down,1
2164,8:55:30 AM,1,Up,3
2165,8:55:30 AM,1,Up,4
2166,8:55:30 AM,1,Up,2
2167,8:55:30 AM,1,Up,4
2168,8:55:30 AM,1,Up,6
2169,8:55:30 AM,1,Up,6
2170,8:55:30 AM,1,Up,6
2171,8:55:30 AM,1,Up,4
2172,8:55:30 AM,1,Up,5
2173,8:55:30 AM,1,Up,6
2174,8:55:30 AM,1,Up,4
2175,8:55:30 AM,5,Up,6
2176,8:55:30 AM,2,Down,1
2177,8:55:30 AM,5,Up,6
2178,8:55:30 AM,6,Down,4
2179,8:55:30 AM,3,Down,1
2180,8:56:00 AM,1,Up,2
2181,8:56:00 AM,1,Up,2
2182,8:56:00 AM,1,Up,3
2183,8:56:00 AM,1,Up,6
2184,8:56:00 AM,1,Up,3
2185,8:56:00 AM,1,Up,2
2186,8:56:00 AM,1,Up,5
2187,8:56:00 AM,1,Up,6
2188,8:56:00 AM,1,Up,6
2189,8:56:00 AM,1,Up,6
2190,8:56:00 AM,1,Up,5
2191,8:56:00 AM,1,Up,6
2192,8:56:00 AM,1,Up,5
2193,8:56:00 AM,1,Up,5
2194,8:56:00 AM,1,Up,4
2195,8:56:00 AM,1,Up,6
2196,8:56:00 AM,1,Up,3
2197,8:56:00 AM,3,Up,4
2198,8:56:00 AM,6,Down,2
2199,8:56:00 AM,4,Down,3
2200,8:56:00 AM,3,Up,4
2201,8:56:00 AM,6,Down,3
2202,8:56:30 AM,1,Up,5
2203,8:56:30 AM,1,Up,2
2204,8:56:30 AM,1,Up,5
2205,8:56:30 AM,1,Up,2
2206,8:56:30 AM,1,Up,4
2207,8:56:30 AM,1,Up,3
2208,8:56:30 AM,1,Up,4
2209,8:56:30 AM,1,Up,2
2210,8:56:30 AM,1,Up,6
2211,8:56:30 AM,1,Up,4
2212,8:56:30 AM,1,Up,5
2213,8:56:30 AM,1,Up,6
2214,8:56:30 AM,1,Up,3
2215,8:56:30 AM,1,Up,6
2216,8:56:30 AM,1,Up,4
2217,8:56:30 AM,1,Up,6
2218,8:56:30 AM,1,Up,6
2219,8:56:30 AM,1,Up,2
2220,8:56:30 AM,4,Down,1
2221,8:56:30 AM,5,Up,6
2222,8:56:30 AM,5,Down,4
2223,8:56:30 AM,5,Up,6
2224,8:56:30 AM,2,Up,3
2225,8:56:30 AM,5,Up,6
2226,8:56:30 AM,2,Up,3
2227,8:57:00 AM,1,Up,6
2228,8:57:00 AM,1,Up,6
2229,8:57:00 AM,1,Up,5
2230,8:57:00 AM,1,Up,2
2231,8:57:00 AM,1,Up,4
2232,8:57:00 AM,1,Up,2
2233,8:57:00 AM,1,Up,3
2234,8:57:00 AM,1,Up,4
2235,8:57:00 AM,1,Up,5
2236,8:57:00 AM,4,Up,6
2237,8:57:00 AM,2,Up,6
2238,8:57:00 AM,5,Up,6
2239,8:57:00 AM,4,Up,6
2240,8:57:00 AM,2,Down,1
2241,8:57:30 AM,1,Up,3
2242,8:57:30 AM,1,Up,4
2243,8:57:30 AM,1,Up,2
2244,8:57:30 AM,1,Up,6
2245,8:57:30 AM,1,Up,6
2246,8:57:30 AM,1,Up,6
2247,8:57:30 AM,1,Up,4
2248,8:57:30 AM,1,Up,3
2249,8:57:30 AM,1,Up,2
2250,8:57:30 AM,1,Up,2
2251,8:57:30 AM,1,Up,4
2252,8:57:30 AM,1,Up,4
2253,8:57:30 AM,1,Up,6
2254,8:57:30 AM,1,Up,2
2255,8:57:30 AM,1,Up,5
2256,8:57:30 AM,1,Up,3
2257,8:57:30 AM,1,Up,5
2258,8:57:30 AM,1,Up,5
2259,8:57:30 AM,4,Down,3
2260,8:57:30 AM,4,Up,6
2261,8:57:30 AM,5,Down,3
2262,8:57:30 AM,4,Up,5
2263,8:57:30 AM,4,Up,6
2264,8:58:00 AM,1,Up,5
2265,8:58:00 AM,1,Up,3
2266,8:58:00 AM,1,Up,6
2267,8:58:00 AM,1,Up,3
2268,8:58:00 AM,1,Up,4
2269,8:58:00 AM,1,Up,6
2270,8:58:00 AM,1,Up,3
2271,8:58:00 AM,1,Up,6
2272,8:58:00 AM,1,Up,6
2273,8:58:00 AM,1,Up,5
2274,8:58:00 AM,1,Up,2
2275,8:58:00 AM,1,Up,6
2276,8:58:00 AM,1,Up,3
2277,8:58:00 AM,1,Up,6
2278,8:58:00 AM,3,Down,2
2279,8:58:00 AM,2,Up,5
2280,8:58:00 AM,4,Up,5
2281,8:58:00 AM,6,Down,1
2282,8:58:00 AM,3,Down,1
2283,8:58:00 AM,2,Up,5
2284,8:58:30 AM,1,Up,5
2285,8:58:30 AM,1,Up,6
2286,8:58:30 AM,1,Up,6
2287,8:58:30 AM,1,Up,2
2288,8:58:30 AM,1,Up,6
2289,8:58:30 AM,1,Up,6
2290,8:58:30 AM,1,Up,5
2291,8:58:30 AM,1,Up,2
2292,8:58:30 AM,1,Up,2
2293,8:58:30 AM,1,Up,5
2294,8:58:30 AM,1,Up,3
2295,8:58:30 AM,1,Up,2
2296,8:58:30 AM,1,Up,4
2297,8:58:30 AM,1,Up,2
2298,8:58:30 AM,1,Up,4
2299,8:58:30 AM,6,Down,2
2300,8:58:30 AM,6,Down,2
2301,8:58:30 AM,3,Up,4
2302,8:58:30 AM,6,Down,5
2303,8:58:30 AM,6,Down,5
2304,8:58:30 AM,3,Down,2
2305,8:59:00 AM,1,Up,2
2306,8:59:00 AM,1,Up,2
2307,8:59:00 AM,1,Up,2
2308,8:59:00 AM,1,Up,2
2309,8:59:00 AM,1,Up,5
2310,8:59:00 AM,1,Up,2
2311,8:59:00 AM,1,Up,3
2312,8:59:00 AM,1,Up,6
2313,8:59:00 AM,1,Up,4
2314,8:59:00 AM,1,Up,3
2315,8:59:00 AM,1,Up,2
2316,8:59:00 AM,1,Up,2
2317,8:59:00 AM,1,Up,3
2318,8:59:00 AM,1,Up,2
2319,8:59:00 AM,1,Up,6
2320,8:59:00 AM,1,Up,4
2321,8:59:00 AM,1,Up,6
2322,8:59:00 AM,4,Down,1
2323,8:59:00 AM,3,Down,1
2324,8:59:00 AM,6,Down,2
2325,8:59:00 AM,5,Up,6
2326,8:59:00 AM,4,Up,5
2327,8:59:30 AM,1,Up,3
2328,8:59:30 AM,1,Up,4
2329,8:59:30 AM,1,Up,4
2330,8:59:30 AM,1,Up,2
2331,8:59:30 AM,1,Up,5
2332,8:59:30 AM,1,Up,5
2333,8:59:30 AM,1,Up,5
2334,8:59:30 AM,1,Up,4
2335,8:59:30 AM,1,Up,3
2336,8:59:30 AM,1,Up,2
2337,8:59:30 AM,1,Up,6
2338,8:59:30 AM,1,Up,6
2339,8:59:30 AM,1,Up,6
2340,8:59:30 AM,1,Up,3
2341,8:59:30 AM,1,Up,3
2342,8:59:30 AM,1,Up,4
2343,8:59:30 AM,1,Up,4
2344,8:59:30 AM,1,Up,6
2345,8:59:30 AM,1,Up,5
2346,8:59:30 AM,3,Down,2
2347,8:59:30 AM,6,Down,1
2348,8:59:30 AM,2,Down,1
2349,8:59:30 AM,3,Down,2
2350,8:59:30 AM,5,Up,6
